traj,X,Y,Z
2,63.4079,61.0645,123.8741
2,64.3886,61.3333,123.2461
2,64.779,62.085,122.5273
2,64.638,60.9611,121.9714
2,64.9848,61.9668,121.3498
2,65.3432,60.3575,121.3102
2,64.7997,60.6131,120.2828
2,64.2153,59.7201,121.1532
2,65.5586,59.452,120.8037
2,64.8177,60.8991,120.5376
2,64.9563,61.1558,121.609
2,66.4125,61.7354,121.1196
2,65.1437,61.0134,121.8207
2,63.8062,60.8984,121.3063
2,65.2626,60.6849,120.9005
2,66.7139,60.5215,121.3455
2,67.7179,61.1041,121.6272
2,67.5049,61.6694,122.482
2,68.237,60.9216,122.8889
2,69.1191,61.7431,123.041
2,67.8724,61.6515,123.3247
2,68.7258,61.1761,123.7079
2,69.5433,61.863,122.9449
2,70.819,61.9179,122.9151
2,71.6276,62.5599,122.0313
2,70.9108,62.7542,123.0361
2,70.6697,63.8559,122.4593
2,70.2962,62.7154,122.3854
2,71.4327,62.2795,122.2992
2,72.2968,62.06,121.3272
2,70.8345,62.1313,122.1066
2,69.6945,63.0087,122.114
2,70.5759,61.9861,122.0838
2,70.1651,62.1409,123.0361
2,71.06,61.7724,122.0703
2,69.9573,61.785,123.0147
2,70.9104,60.8859,122.9916
2,70.2364,59.8936,123.0224
2,70.0456,58.7817,122.6197
2,68.9111,58.3228,123.2754
2,68.1865,57.3625,123.099
2,66.8408,57.8517,123.1698
2,67.1781,56.5972,122.8969
2,67.4825,57.9353,122.9661
2,67.5477,57.7653,122.0411
2,68.366,57.5637,121.2135
2,69.5363,57.5993,120.4737
2,69.3897,56.2577,120.5985
2,70.4541,55.5343,120.0679
2,69.2711,54.8427,120.7416
2,68.2728,55.2712,121.2436
3,63.7531,60.9709,123.2114
3,63.2357,62.0644,122.934
3,62.7594,60.6321,123.4465
3,61.8968,59.5611,123.1977
3,61.9957,60.9278,123.1955
3,61.9486,61.6804,122.4616
3,63.0499,60.6772,122.3353
3,64.2847,61.3623,122.0535
3,65.438,61.9536,121.7
3,64.2616,62.8075,121.9102
3,64.4482,61.6771,121.1609
3,65.1622,61.7302,120.3796
3,64.2287,62.7688,120.652
3,65.0774,61.4649,120.6416
3,63.6662,61.1803,121.1326
3,63.4627,62.0772,121.6969
3,64.1125,63.5494,121.3609
3,63.1815,62.2773,121.7635
3,62.9936,61.9286,120.7215
3,62.4707,63.0065,121.2235
3,62.562,63.5432,120.3254
3,61.7171,63.694,119.6194
3,59.9646,63.0584,120.1991
3,60.5823,62.1095,120.672
3,60.7199,63.7647,120.6112
3,61.4008,64.2778,121.4619
3,60.4409,63.5784,120.8146
3,60.1679,63.7308,121.9689
3,61.1784,64.0994,120.9716
3,59.762,63.6402,121.0145
3,58.3184,62.7186,121.4101
3,58.0951,63.6885,122.0933
3,56.6152,64.047,121.8705
3,56.1132,64.218,122.9154
3,56.8114,65.7745,122.2389
3,57.2488,64.31,122.2155
3,55.8513,64.005,122.2612
3,57.0417,64.5634,122.5478
3,58.0145,64.3325,121.7714
3,59.2069,64.192,121.1701
3,60.1605,64.5675,122.0023
3,61.7319,65.4479,121.3145
3,62.9895,64.5793,121.4647
3,62.8061,63.9585,120.5531
3,61.6055,62.7497,121.1305
3,60.4644,62.5306,121.5216
3,60.0501,63.112,120.4014
3,61.7516,62.989,121.1134
3,61.3419,63.6098,121.9938
3,61.4854,62.6487,122.4509
3,62.3724,62.815,122.7677
4,63.3438,61.1621,122.9871
4,63.4084,62.3006,123.0607
4,62.2102,61.6412,123.3497
4,63.4215,60.9868,122.8785
4,64.4747,60.6676,122.1171
4,65.8949,60.4914,122.5602
4,65.5985,59.7192,123.2098
4,65.3976,58.924,122.3559
4,66.6781,59.1437,122.118
4,67.1505,59.1143,121.1541
4,67.6598,57.6813,121.003
4,69.0844,57.7727,120.3202
4,68.6579,58.7516,119.7746
4,70.0781,58.0714,120.2549
4,68.5933,58.3899,120.4418
4,67.5484,59.2146,121.0649
4,66.3904,58.3972,121.234
4,66.4662,59.7668,121.4034
4,66.6252,61.037,121.0985
4,68.0372,60.8104,121.5249
4,66.7674,61.4182,122.046
4,66.9253,61.2023,122.8309
4,67.6863,62.0002,123.3274
4,68.9349,61.8914,123.0174
4,69.9114,62.7585,122.682
4,69.7879,63.8713,122.1644
4,70.7077,64.5695,121.588
4,69.775,65.565,121.906
4,70.8424,65.2163,121.1406
4,70.2808,66.2562,120.8299
4,70.6161,64.7466,121.3144
4,70.6631,63.527,121.3467
4,71.0332,63.9766,120.2127
4,70.166,63.5309,119.7048
4,70.5341,62.0379,119.6469
4,70.9144,61.2631,118.554
4,72.5635,61.8759,119.088
4,73.6149,61.9268,119.4288
4,72.5176,63.1183,118.9874
4,71.4116,63.3767,118.72
4,70.5964,63.2828,118.0937
4,69.8147,62.0109,118.8188
4,70.1721,63.5074,118.3438
4,70.3426,62.0524,118.4521
4,68.85,62.7247,118.218
4,69.5159,61.784,117.4667
4,68.2087,62.1583,117.3508
4,68.3003,62.8504,116.5484
4,68.7726,61.2103,116.5925
4,68.9151,59.819,116.7453
4,69.3444,60.2526,115.7512
5,63.7326,61.0206,122.7419
5,63.4038,61.088,121.909
5,64.361,60.1589,121.3442
5,65.2482,60.4282,120.5025
5,64.319,61.625,120.9294
5,65.7887,61.7346,121.5083
5,65.5509,63.2821,121.4005
5,65.2246,62.7169,120.5745
5,64.722,61.5569,120.1081
5,63.7708,62.5886,120.6051
5,64.769,62.3102,121.4645
5,64.5622,61.2073,121.6998
5,63.6925,62.4913,121.5895
5,62.4488,62.6276,121.3154
5,61.7351,63.6143,121.1
5,60.713,62.5163,121.3393
5,60.0305,61.4708,121.8911
5,61.232,62.6551,121.5547
5,61.8888,63.4537,120.8907
5,62.6379,62.6398,121.7157
5,61.3083,63.4538,121.1768
5,60.2651,64.0684,120.8432
5,61.6149,64.3315,121.2429
5,62.1574,64.597,122.0963
5,60.985,65.5784,121.7277
5,62.0399,64.7731,122.288
5,62.1553,65.185,121.1534
5,63.0019,66.1009,120.9556
5,63.8579,66.3767,121.8354
5,63.3538,66.8089,120.7165
5,63.466,65.2422,120.8781
5,62.6846,66.6771,120.765
5,62.715,67.9626,120.9778
5,63.7479,68.7488,120.9984
5,63.0907,67.7792,121.9
5,64.2455,67.1081,122.2342
5,64.9137,67.0736,122.935
5,63.5905,66.9859,123.3172
5,62.2041,66.5847,123.3301
5,62.9348,67.7773,123.2074
5,63.6556,68.3567,122.437
5,63.5178,68.6061,121.5917
5,62.3172,67.9947,121.4064
5,61.9512,67.1698,120.6363
5,61.2694,65.53,121.4409
5,61.4739,66.3203,122.2018
5,62.4739,65.925,122.6868
5,61.8905,66.2299,121.6035
5,60.9908,66.8462,121.0467
5,60.1322,67.8611,120.5403
5,60.0815,67.7104,119.9487
6,63.4201,61.2402,122.6809
6,62.378,60.0175,123.2052
6,63.172,61.1692,122.9316
6,63.4892,61.3104,121.9872
6,63.5511,59.7743,122.4553
6,63.8783,58.6031,122.211
6,63.9083,59.9155,122.1928
6,64.5062,60.9403,121.8337
6,64.5452,62.2642,121.9316
6,65.0674,61.47,121.0178
6,65.3246,62.5623,120.8279
6,65.2496,62.6871,120.0375
6,66.0465,61.1625,120.0264
6,67.0813,60.4019,120.4258
6,65.7417,60.307,120.9819
6,66.3241,61.2754,121.4505
6,66.5628,60.8502,120.3708
6,67.7962,59.9017,120.2404
6,68.2014,61.0682,120.6229
6,68.431,59.8101,120.5364
6,68.9074,58.9139,119.6069
6,69.1136,58.0578,118.7372
6,68.1751,56.7422,119.2131
6,68.2943,56.7464,118.1021
6,67.1332,56.3954,117.767
6,66.6073,57.0541,118.8915
6,65.4754,55.8636,118.6743
6,66.5471,56.8034,119.0302
6,67.2046,56.6596,117.8386
6,67.711,57.9735,117.7393
6,67.4307,56.9063,117.0295
6,68.3326,55.4432,116.7868
6,67.1602,57.0173,116.8225
6,66.3327,56.1644,116.2004
6,65.1491,55.9864,117.3169
6,63.3744,56.6315,116.9973
6,62.8018,56.0634,116.1016
6,61.8425,56.4872,115.4282
6,60.4092,57.3497,115.6214
6,60.808,56.1676,116.5882
6,60.2719,56.5341,117.4911
6,61.7846,55.9079,116.9388
6,61.4688,56.1703,117.9563
6,61.3668,56.3429,116.749
6,61.5611,55.6682,117.8696
6,62.7091,56.3936,118.4139
6,62.2881,57.5267,119.0375
6,62.2174,58.8372,119.6737
6,63.0265,57.9501,119.7499
6,63.3247,57.0794,118.7584
6,64.1562,56.2091,118.5852
7,63.4778,60.8863,122.4552
7,63.5651,59.6962,121.8851
7,62.6438,59.9708,122.7791
7,62.7081,59.3561,121.8243
7,63.5131,60.3875,122.0458
7,64.0628,61.5468,122.2099
7,64.982,60.6809,121.654
7,65.5796,59.2978,121.5755
7,65.7055,58.159,121.7545
7,65.7105,56.9681,122.1029
7,66.2349,56.6942,121.04
7,66.7978,56.6295,120.0718
7,65.5493,56.8028,120.9146
7,66.5501,56.57,121.3171
7,67.124,57.9028,121.0276
7,67.706,56.5207,121.25
7,67.8968,55.505,121.7755
7,67.4102,54.2764,121.5424
7,67.4915,54.0779,120.4198
7,67.7753,54.7597,119.7148
7,67.9198,54.1975,120.6907
7,66.7812,55.1659,121.03
7,66.9985,54.2003,121.6989
7,66.0947,53.4417,120.9782
7,67.1165,53.8096,121.7258
7,67.5355,54.5555,122.4974
7,68.343,55.7108,121.9053
7,69.0869,56.8893,122.0143
7,69.3111,57.7173,121.3102
7,68.2093,58.1304,120.8751
7,68.813,56.6697,120.791
7,68.3451,58.0858,120.8732
7,67.1946,58.8312,121.0395
7,67.7572,59.4308,120.0925
7,68.9658,59.4358,119.3211
7,67.429,58.5115,120.0808
7,66.8019,57.5429,120.2958
7,66.0813,56.5463,120.4029
7,64.8696,56.7554,121.04
7,63.4005,56.6895,121.4142
7,64.9774,56.5006,120.994
7,65.8247,55.994,120.126
7,65.1237,54.6389,120.6772
7,65.5346,53.6841,121.101
7,66.1392,52.4226,120.7263
7,67.3158,52.0797,119.9863
7,67.6343,52.6361,121.0874
7,66.9734,51.6661,120.3289
7,68.3653,51.8676,119.8964
7,67.3822,52.0614,119.3804
7,66.5291,52.5498,119.5086
8,63.7372,60.5667,122.3845
8,64.9043,59.6538,122.2731
8,64.9958,60.8579,122.7486
8,65.9334,61.6135,121.966
8,65.8083,61.2363,121.0011
8,65.6765,62.2572,120.6251
8,65.8623,62.8949,121.677
8,67.2997,63.6421,120.9065
8,67.9073,63.2002,121.8463
8,67.1853,64.4218,122.0179
8,68.2841,63.7479,121.9183
8,67.2544,64.85,121.9786
8,66.6606,64.5105,122.9764
8,66.8551,65.8273,122.548
8,66.0478,65.8924,121.8295
8,66.1691,66.0735,121.0229
8,66.8266,65.4344,120.209
8,68.3716,65.3702,120.5702
8,69.4619,65.3693,120.8137
8,68.6644,66.0551,121.5565
8,68.362,65.9964,120.4348
8,68.2773,64.7094,119.9744
8,69.7744,64.5994,120.3041
8,71.0559,64.626,120.4497
8,70.2867,63.7335,120.7597
8,68.7474,63.8959,120.3923
8,68.0339,64.4139,119.7553
8,69.1544,63.6025,119.6119
8,68.488,63.4361,120.4961
8,67.862,62.4199,120.3215
8,69.0743,62.52,120.5487
8,69.7367,63.2818,120.9733
8,70.478,63.2825,119.8015
8,70.0125,63.7833,120.9932
8,69.4608,62.4927,120.8758
8,69.943,62.342,121.5777
8,69.0045,63.1979,121.8601
8,70.1083,62.891,121.0155
8,70.1543,64.1766,121.3035
8,70.4388,62.8551,121.3961
8,69.9777,64.2469,121.3637
8,69.4193,63.2936,122.1646
8,68.0509,63.1322,122.2685
8,68.4811,61.9392,122.5115
8,68.5124,61.3498,123.2795
8,68.9668,60.1872,123.2109
8,69.6744,59.1368,122.991
8,68.5456,58.3714,122.9456
8,67.4917,57.5017,122.9329
8,66.872,56.9604,122.0676
8,66.7015,57.9031,122.2528
9,63.6882,60.9816,122.3108
9,64.3143,61.3062,121.4851
9,64.8451,60.8441,122.4733
9,66.1327,60.2277,122.11
9,65.4523,61.3607,121.7776
9,66.812,61.1226,122.2801
9,66.377,60.6219,121.4037
9,66.8645,60.5671,120.3752
9,68.0888,59.5316,120.3681
9,68.822,58.5286,120.4401
9,68.1796,57.5745,120.8265
9,69.2127,57.219,121.2151
9,68.7976,56.2727,120.4363
9,69.0489,57.5085,120.788
9,67.4708,57.434,121.3571
9,66.4142,58.5199,120.9997
9,65.2919,58.0547,120.6877
9,66.0749,59.1629,120.3678
9,66.8808,60.2797,120.4105
9,66.9347,60.7384,121.5601
9,65.5623,61.0104,121.1041
9,64.3334,61.0627,120.6581
9,65.7697,60.8387,120.2585
9,66.2995,59.8023,119.7257
9,67.7114,58.9817,120.3458
9,67.3798,57.9866,119.6107
9,67.2559,59.2626,119.6439
9,68.3651,58.2673,120.0454
9,67.5593,57.7202,120.7941
9,66.517,57.4898,121.4631
9,65.3855,56.9411,121.0057
9,66.1558,55.7482,121.0865
9,66.2412,55.9742,120.0913
9,66.3651,57.3712,120.3264
9,65.8399,56.221,119.9273
9,64.3401,56.5681,120.2236
9,65.7281,57.0123,120.7306
9,64.5901,56.9694,121.4399
9,65.7198,56.2796,121.3721
9,66.1228,56.6262,120.3995
9,64.8868,56.905,120.1328
9,64.9468,55.6706,119.5538
9,65.1102,54.1501,120.0405
9,66.7036,54.7132,119.3718
9,67.2253,54.3679,118.4109
9,65.9691,54.1524,117.8754
9,65.5114,53.319,118.8878
9,67.1708,53.5426,118.2746
9,68.6425,53.2655,118.1298
9,68.9609,52.058,117.4474
9,69.3858,52.0538,117.9746
10,63.786,60.6835,122.1704
10,64.696,61.0518,123.0231
10,65.6843,60.2934,122.7028
10,67.1622,60.5544,122.1287
10,67.1526,61.407,122.9693
10,67.7035,60.4268,123.0444
10,68.7104,61.1925,122.4051
10,67.7634,60.5472,122.1652
10,69.058,60.2886,122.2665
10,69.0276,59.0395,121.8463
10,68.6052,60.4396,121.627
10,69.0526,59.0346,121.903
10,69.8759,58.2078,121.3583
10,68.8274,57.3475,121.4367
10,69.1983,58.2935,122.1023
10,69.5343,57.5745,121.1315
10,69.3105,56.7558,121.967
10,70.0039,57.5893,121.1427
10,69.6057,58.8577,120.8827
10,69.9196,57.4813,121.1007
10,69.4912,56.955,121.9019
10,70.0334,57.9302,122.4034
10,68.9956,57.1906,122.6102
10,68.9566,56.1708,121.857
10,69.5378,57.089,121.3107
10,70.8178,57.2349,121.7047
10,70.3726,58.5014,121.5608
10,69.0739,58.4174,121.5937
10,67.8144,58.0894,121.7143
10,66.7175,58.3442,121.3099
10,66.4828,57.6588,122.2384
10,65.1518,57.941,122.6309
10,64.1361,58.8364,122.4546
10,65.3635,58.5732,122.9752
10,65.6019,59.9041,122.5717
10,66.6191,60.6836,122.4874
10,68.0489,61.1865,122.6913
10,68.0208,62.5434,122.4088
10,68.422,61.2464,122.9133
10,69.2171,61.7199,122.0169
10,70.0439,62.6061,122.1598
10,70.7441,62.4234,121.2433
10,72.1982,62.8033,121.5349
10,72.3265,61.9659,120.6643
10,72.4275,62.1512,119.684
10,72.4058,62.5159,118.9233
10,73.9576,62.2976,118.363
10,74.5452,61.1805,119.1334
10,74.2968,60.6786,118.0562
10,74.9198,60.8371,117.1203
10,76.18,61.161,117.2492
11,63.9613,60.9818,122.0837
11,63.1747,61.5674,121.3818
11,62.4611,60.827,120.7469
11,62.8878,59.8566,120.0422
11,63.3746,60.9022,120.0535
11,64.6937,61.4916,119.8652
11,65.1402,62.708,119.5917
11,66.5664,63.0868,120.0221
11,67.1088,63.0285,120.7726
11,67.5293,62.6561,119.7417
11,69.1904,62.7618,120.1126
11,69.8077,62.3878,118.9785
11,69.7888,61.1899,118.5244
11,70.1914,60.2518,117.8505
11,68.6608,60.0649,118.0564
11,69.635,58.9071,117.8139
11,68.3301,59.7268,117.3804
11,67.0292,60.3085,117.625
11,68.1153,60.4612,118.3891
11,66.9757,59.9014,118.7863
11,65.8739,59.0891,119.3727
11,66.9661,58.6624,118.3055
11,66.4036,58.1749,119.4455
11,67.3029,57.4583,119.6576
11,66.576,59.0537,119.4257
11,66.2799,59.7047,118.7268
11,67.4399,58.691,118.6617
11,67.2081,58.8816,119.6746
11,66.6257,57.7042,119.7296
11,66.484,58.8228,120.268
11,65.169,59.2709,120.7107
11,65.0665,58.0008,120.2069
11,64.3883,59.7804,120.1118
11,64.4055,58.5448,120.8285
11,64.5197,60.0759,120.8842
11,63.8532,59.6841,121.8117
11,62.3312,59.8394,121.7162
11,60.7582,59.542,122.1705
11,62.0406,59.0279,121.8969
11,62.9885,60.1598,121.7108
11,62.0383,59.4374,122.6135
11,62.7793,60.7895,121.9618
11,61.3991,60.4421,122.6739
11,61.614,59.248,123.0233
11,61.3922,59.2016,121.9633
11,61.0667,59.5603,121.0457
11,62.2959,60.0824,121.0898
11,61.3317,59.2491,121.9994
11,60.8309,60.6615,122.0084
11,59.8736,61.3545,121.5819
11,60.1352,60.4424,121.1489
12,63.6086,60.9182,121.9718
12,61.998,60.2699,122.5747
12,60.7943,59.6918,122.0372
12,59.2132,59.8938,122.3423
12,60.7108,59.7035,122.0211
12,60.1388,59.4637,123.0913
12,60.5654,60.844,122.6845
12,60.2774,59.4677,122.6007
12,61.3311,59.9474,123.0413
12,61.6394,61.3449,122.5186
12,60.3022,61.0933,122.4968
12,59.8333,62.3167,122.5859
12,60.0536,63.4812,122.1537
12,58.9342,63.7067,122.9964
12,59.3464,62.5295,123.0582
12,58.0051,62.4558,122.6222
12,57.5936,60.9711,122.5375
12,57.2558,62.4192,122.4689
12,58.1272,62.8343,123.3848
12,56.8132,62.4758,122.7695
12,56.5932,63.767,122.878
12,57.5557,63.3703,122.0029
12,56.9101,62.971,123.087
12,57.0829,61.8471,123.2768
12,56.8966,60.7121,123.1845
12,57.0641,59.5302,123.0172
12,57.7138,60.5853,123.1792
12,56.6479,61.4288,123.1005
12,57.1824,62.3367,122.3162
12,55.9477,61.4393,123.1116
12,57.2984,61.3612,122.392
12,58.1593,59.956,122.333
12,57.7242,60.3247,123.245
12,57.7381,61.1714,122.2592
12,59.0378,60.2797,122.839
12,57.9517,59.8196,122.3219
12,59.1488,59.2708,121.6612
12,57.7518,59.5899,121.8466
12,57.2554,60.6349,121.6597
12,58.5719,60.416,122.3625
12,57.7947,59.649,122.8106
12,56.3566,60.0,122.4326
12,57.1342,60.9648,123.18
12,58.5163,61.8083,122.8531
12,57.5306,60.7478,123.2679
12,56.9537,61.852,122.4445
12,57.4415,60.3085,122.4645
12,57.0428,61.0179,123.3485
12,58.0768,61.8936,123.5797
12,57.1848,61.1572,122.8615
12,57.4269,62.0216,122.602
13,63.2523,60.9149,121.9086
13,62.1768,61.3174,121.5118
13,61.222,59.9757,121.7233
13,59.8059,60.7011,121.4052
13,61.0182,60.9501,120.8065
13,62.038,59.6311,121.0862
13,60.6118,60.0132,121.0577
13,61.8585,59.478,121.1358
13,60.8833,58.9439,121.4849
13,60.8695,58.1791,120.4284
13,59.3947,57.2943,120.9595
13,60.0769,56.5228,119.9878
13,60.6041,57.6887,120.0925
13,60.253,57.3071,119.2276
13,61.3548,57.2259,118.528
13,62.8062,57.3933,118.1146
13,62.0309,56.3066,117.6768
13,62.6176,54.7187,117.5745
13,62.6607,55.3225,118.5643
13,62.9034,56.99,117.9298
13,61.7708,55.8889,118.3577
13,61.5937,55.7831,119.2583
13,60.5247,54.8782,119.1364
13,61.1469,56.3008,119.2406
13,61.0786,57.0997,118.5321
13,62.2756,56.0891,118.5097
13,63.3002,56.2457,117.5149
13,63.1102,57.5029,117.2124
13,61.9338,56.7868,116.8808
13,62.2932,55.6274,117.7908
13,62.845,54.6671,118.2675
13,62.4946,56.5493,118.3868
13,62.6729,57.8309,118.927
13,63.9609,58.2236,119.4959
13,63.5746,60.0814,119.4072
13,64.5836,60.7406,118.7222
13,64.6376,59.9801,117.9485
13,63.1039,59.0256,118.4503
13,62.6169,60.7716,118.3758
13,61.0135,60.1948,118.9727
13,62.1816,60.3161,119.5099
13,63.2705,59.5214,119.7079
13,62.3415,60.7677,119.8836
13,63.5353,61.1285,119.1938
13,63.6269,61.2108,118.2575
13,64.9599,60.4019,117.685
13,63.8591,59.1354,118.0655
13,63.2085,58.0196,118.5611
13,61.9089,57.6419,118.7824
13,61.317,59.3664,118.7752
13,60.8411,58.5537,118.7457
14,63.4752,60.8223,121.7091
14,62.057,60.2494,121.75
14,60.6562,60.3903,121.6079
14,61.5418,59.0581,121.5608
14,60.9363,60.455,121.4732
14,61.0332,61.5606,121.0402
14,62.2208,61.26,121.8383
14,61.7416,62.746,121.7067
14,63.1516,62.5202,122.2982
14,64.473,63.3271,121.7258
14,63.1044,63.521,121.9842
14,61.6928,63.7322,122.1376
14,62.5716,64.5869,121.5993
14,63.3237,64.8955,120.8054
14,62.5803,64.6944,121.93
14,62.069,66.1654,121.7968
14,63.15,65.4322,121.0932
14,64.2479,65.1839,121.985
14,62.9891,64.9942,122.3963
14,63.5721,66.5164,121.9284
14,64.3761,67.5668,122.1126
14,63.8541,68.4291,121.5025
14,63.6815,67.0313,121.5581
14,64.6951,66.8065,120.6981
14,63.5141,66.3513,121.5988
14,62.2087,65.8919,121.9452
14,62.2343,67.4753,121.727
14,63.0481,68.004,120.8462
14,63.4307,66.4821,121.1671
14,63.0236,66.7212,122.1388
14,63.4932,67.756,122.6044
14,62.4098,67.8262,121.8716
14,62.415,66.9731,121.1225
14,62.5091,66.8604,120.2229
14,64.0646,67.1172,120.8047
14,63.7614,67.969,119.697
14,63.6877,69.2294,119.4224
14,64.003,69.4016,118.529
14,64.364,67.7482,118.9216
14,64.187,66.9121,118.0941
14,65.7309,67.0397,118.2893
14,66.0939,65.7114,117.7501
14,66.9779,65.8865,118.4112
14,67.3638,64.6622,118.2388
14,68.8815,65.0033,117.3287
14,68.1006,66.1507,117.1449
14,68.9207,64.9569,116.9653
14,69.8417,65.9083,117.0711
14,68.7608,65.2034,116.6873
14,68.6572,64.5016,117.782
14,67.206,64.4993,117.8601
15,63.619,61.3819,121.516
15,63.9581,62.6201,121.5427
15,65.2798,62.2977,120.9712
15,65.0919,60.7957,121.1801
15,64.2844,60.3841,121.9171
15,65.4322,59.7552,121.7292
15,64.6088,58.5979,121.5803
15,63.7629,58.261,122.3072
15,63.1445,57.093,122.4832
15,63.4955,58.475,122.5211
15,64.6217,57.5389,122.3419
15,65.7938,57.8266,122.64
15,65.7256,56.8206,121.9628
15,64.3794,57.0002,122.3176
15,64.6499,57.2558,121.4041
15,64.2622,58.5505,121.5411
15,65.0671,59.4685,121.545
15,64.0913,58.6872,121.3931
15,64.5067,57.2778,121.614
15,64.0113,58.3686,122.179
15,65.0793,58.6028,122.7781
15,66.0776,57.5704,122.1762
15,66.773,56.6244,121.3852
15,65.5041,56.8927,122.1074
15,65.2787,58.3088,121.738
15,66.4766,57.5509,121.5586
15,67.5202,58.2923,121.7817
15,66.4653,59.2119,122.154
15,67.1771,60.3683,122.347
15,65.9887,60.624,122.0829
15,66.9954,59.6542,122.3369
15,68.297,59.6285,122.5594
15,68.4677,60.2441,121.6135
15,69.7015,59.7614,121.6476
15,69.4628,58.587,121.8972
15,68.7879,57.7711,121.198
15,69.7153,58.3866,120.5342
15,69.9287,58.9883,121.4828
15,69.2273,58.9587,122.3213
15,70.2592,59.2343,121.3929
15,69.0953,59.7822,121.9009
15,69.5368,59.4367,120.9918
15,70.783,59.1013,121.525
15,69.7105,59.6936,122.224
15,68.367,59.5093,121.9096
15,67.9997,58.3998,122.5978
15,69.3721,58.2394,122.1863
15,68.8003,59.0241,121.5797
15,70.2061,58.8711,121.1257
15,70.84,59.5312,120.3262
15,71.6752,59.1546,120.1513
16,63.7518,61.0033,121.511
16,64.903,60.0399,121.3336
16,63.6619,59.403,121.2665
16,62.4425,59.7386,120.9375
16,61.4284,59.1574,120.5234
16,61.9236,60.1483,119.9854
16,61.3889,61.3471,119.7232
16,60.8493,62.5902,119.7661
16,62.0805,62.0345,119.1303
16,62.3766,60.9843,120.1692
16,61.5816,61.9404,120.6989
16,60.6915,60.9712,120.7647
16,59.8553,60.5284,121.5015
16,60.0135,60.9169,122.3591
16,60.0441,60.0032,122.8225
16,60.7086,60.9738,123.1546
16,62.172,61.8182,122.6015
16,62.1838,61.3305,121.7016
16,63.1692,59.945,122.0458
16,63.8916,58.9655,121.6506
16,64.0741,57.7235,121.5511
16,64.1207,59.1531,121.1009
16,62.6816,59.3714,121.4148
16,64.0362,59.0992,121.5169
16,65.0502,59.2396,120.5569
16,64.2996,60.1583,121.0683
16,64.8149,59.455,120.2292
16,64.5766,59.6639,121.4547
16,65.1108,60.5668,121.9768
16,66.0646,59.7775,121.9216
16,65.9022,59.1572,121.031
16,66.9615,58.4687,120.2746
16,67.584,59.5658,120.5877
16,67.1493,59.3321,121.6571
16,67.2135,60.5781,121.7953
16,66.5568,59.6501,121.5605
16,65.8621,60.4714,122.2977
16,65.5968,61.9548,122.157
16,64.8537,61.1259,121.594
16,64.0989,61.0307,120.8545
16,63.8045,61.9906,120.4992
16,62.502,60.8048,120.9107
16,63.4585,62.1764,120.3708
16,63.5503,60.6961,120.2938
16,62.779,59.5824,120.6429
16,63.3442,59.6008,121.3216
16,64.6811,59.4176,121.2314
16,64.5495,59.6355,122.1294
16,64.9535,60.9463,122.0287
16,64.3397,61.3941,122.9636
16,65.4444,61.8305,122.9244
17,63.4853,61.0312,121.3757
17,64.3243,61.0489,122.4304
17,63.5646,59.9862,122.101
17,64.6251,60.7343,122.5148
17,64.4019,62.2847,121.9688
17,64.189,63.6044,122.0238
17,63.0159,63.0722,122.0011
17,62.669,63.8308,121.4945
17,63.8715,64.4413,121.4787
17,62.9485,63.2252,121.9991
17,61.8471,63.4849,121.1559
17,61.1396,62.6266,120.6035
17,61.4517,63.478,121.4723
17,60.4777,63.0063,122.1151
17,59.6837,64.0243,121.2584
17,59.8311,62.9073,122.1794
17,58.5419,63.0255,122.4043
17,59.8997,63.2275,122.2975
17,59.9098,62.1939,122.8206
17,59.252,63.5875,122.9715
17,58.9349,62.1351,123.2781
17,58.9354,63.5615,123.154
17,58.59,62.6383,122.3976
17,57.3023,62.2423,122.1907
17,56.5076,63.2348,121.7259
17,56.8912,64.3619,121.8791
17,56.0976,64.0193,121.0398
17,57.2865,62.7181,121.5054
17,58.5092,62.7202,121.9706
17,57.0096,62.6293,122.2975
17,57.9712,64.0784,121.6058
17,58.5535,62.5495,121.5787
17,58.1325,63.6439,120.7868
17,57.3202,63.6024,121.9288
17,56.4342,63.9695,122.62
17,55.9493,63.0949,123.0132
17,57.0982,62.8042,123.3623
17,55.976,63.6175,122.7244
17,57.2899,63.1895,123.2351
17,56.0948,63.6448,122.5833
17,57.2094,62.6967,123.0908
17,56.2157,61.8444,122.7934
17,55.5322,61.3295,121.8753
17,55.0808,60.8935,121.0176
17,55.3018,60.6667,122.3443
17,54.8432,60.2928,121.1555
17,54.6366,59.5514,120.4009
17,56.1795,59.7863,121.0372
17,56.4732,61.3908,120.9171
17,56.7865,59.8958,120.98
17,56.6737,58.9353,120.7785
18,63.0535,61.1611,121.3637
18,63.2723,62.3919,121.4622
18,63.3644,62.9311,122.5428
18,63.6381,62.9527,121.3967
18,64.6225,63.1024,120.7927
18,65.8318,61.8155,121.0954
18,65.2555,61.3056,121.7727
18,66.2426,60.5623,121.8006
18,66.6557,61.0539,122.5812
18,66.9008,59.8271,122.3363
18,68.0464,60.1343,122.6441
18,68.9113,59.8661,121.6969
18,68.0494,60.7953,121.5722
18,68.8198,61.7512,121.8152
18,70.0499,61.3016,122.2487
18,69.0976,62.1172,122.5514
18,68.6019,62.3356,121.7733
18,68.1354,61.4953,122.6772
18,67.6094,60.3068,122.5138
18,68.8966,59.9898,122.2003
18,67.9684,59.0821,122.0286
18,68.0758,58.1554,121.2244
18,67.4762,59.3285,121.3482
18,66.5428,58.312,121.7609
18,66.6833,59.743,121.8416
18,67.5077,60.4676,121.3362
18,66.9021,61.1098,120.5959
18,68.1828,61.5151,120.0391
18,68.8502,60.3712,120.6819
18,68.5321,59.0944,120.5988
18,67.0121,59.4381,120.1673
18,66.6361,58.3436,119.4601
18,67.6189,56.9445,119.6614
18,68.6648,56.1467,119.2806
18,69.7085,56.9509,119.5662
18,70.5313,57.1517,118.4868
18,70.721,55.5496,118.8539
18,69.2738,55.7634,118.9457
18,70.2919,54.8132,118.5883
18,69.0367,54.446,118.0969
18,69.7098,54.9587,117.1637
18,71.078,54.5941,116.6411
18,72.0527,54.1318,115.8835
18,71.8031,55.0526,116.9264
18,71.7379,55.9803,117.6968
18,72.6559,55.6995,116.529
18,72.9547,54.0724,116.4807
18,74.1702,54.0151,115.5161
18,73.9966,55.2361,115.6495
18,72.76,54.89,115.6223
18,73.2914,55.8039,115.5433
19,63.7428,61.0014,121.0812
19,62.7466,60.1171,120.6791
19,61.4589,60.7281,121.128
19,60.6789,60.0253,122.1524
19,60.3907,61.2609,122.6581
19,61.9214,62.0738,122.1859
19,62.9086,62.8552,121.9065
19,64.3167,62.3689,121.451
19,64.3266,63.5948,121.802
19,63.1702,64.1316,122.1775
19,63.1594,62.6086,122.8021
19,62.7556,61.5688,122.1007
19,63.9265,60.9935,122.0227
19,63.275,62.3296,121.9861
19,64.382,61.3873,121.9944
19,64.043,60.5849,122.6022
19,64.5443,59.4918,122.8481
19,65.3483,59.6111,121.8637
19,64.9465,60.7415,121.7664
19,63.6738,60.6001,121.5392
19,63.0523,61.4794,120.9796
19,63.9449,60.9737,120.2028
19,65.0881,59.7887,120.2225
19,66.3189,60.7047,119.6392
19,65.6982,61.8571,119.9123
19,67.2025,62.0829,120.3257
19,68.0567,63.5455,120.0822
19,68.8891,63.8902,121.0303
19,67.9965,65.3257,120.6685
19,69.0659,64.1547,120.9382
19,69.3646,64.4974,121.7667
19,68.6746,64.7739,122.5837
19,67.8622,63.7686,122.6092
19,68.7356,62.8464,122.227
19,68.2842,61.7535,122.4525
19,67.5393,60.6191,122.174
19,68.3246,59.6632,122.4606
19,69.4274,60.3044,121.8515
19,69.3167,61.4284,122.1917
19,68.1175,61.2609,121.7982
19,67.3241,60.1721,122.4367
19,67.5345,61.4395,122.5311
19,67.6133,60.2199,122.6587
19,67.7834,59.6862,121.7039
19,66.5049,59.8821,122.0136
19,66.5697,58.9246,121.3351
19,65.5804,58.6757,120.7056
19,64.0852,58.3542,120.9636
19,64.9537,57.8151,121.6679
19,66.0626,58.6883,121.4654
19,65.4237,59.6341,121.1862
20,63.6268,61.0686,121.0603
20,64.0937,59.3744,120.9439
20,63.6267,60.7829,121.4771
20,64.6006,60.9055,120.5809
20,65.8785,61.1518,120.0811
20,66.5649,61.9166,121.0397
20,66.8726,62.9094,121.6822
20,66.4119,62.154,122.2682
20,66.3786,61.7504,121.2094
20,65.1988,61.2619,120.917
20,65.682,59.7819,121.157
20,65.7489,58.4976,121.2899
20,66.2604,57.3268,121.4725
20,65.0906,57.9451,121.6637
20,66.0745,58.783,122.0487
20,65.5638,60.1529,121.6574
20,65.7088,60.9465,122.504
20,64.4832,60.561,121.9608
20,63.9853,61.6694,122.2434
20,63.2573,62.5929,122.7519
20,64.0879,61.5163,122.9049
20,64.4431,62.8016,122.7316
20,64.7413,62.4193,121.7905
20,65.0291,63.6115,122.0366
20,64.8703,62.5701,121.3888
20,65.2622,61.5414,120.8995
20,64.5474,60.6486,120.4293
20,65.4311,59.2589,120.5238
20,66.0288,58.0245,120.245
20,66.7103,57.5747,119.2193
20,65.5932,57.8095,119.0224
20,66.6312,56.926,118.4234
20,67.961,56.7165,118.0081
20,67.9677,55.1069,118.0409
20,66.8917,55.2055,118.9173
20,65.1438,55.297,118.358
20,66.6619,55.6912,118.916
20,65.4859,55.0553,118.229
20,66.5084,56.0538,118.4252
20,66.7421,54.3921,118.5389
20,65.8519,53.4769,119.0556
20,66.0302,53.554,119.934
20,65.1444,53.402,120.6766
20,66.1491,54.088,121.0992
20,65.9338,55.4248,121.4713
20,67.0652,54.4768,121.3709
20,68.1159,55.2674,121.1221
20,68.768,54.8871,120.2104
20,67.3247,54.7121,120.3654
20,66.7321,54.849,121.4121
20,67.0191,53.8301,121.036
21,63.7356,60.7769,120.9812
21,63.8076,61.2647,122.1903
21,64.1573,62.1697,121.1752
21,65.4028,61.2629,121.702
21,66.9809,61.7711,121.0194
21,66.8077,61.1795,122.0501
21,66.0428,62.4857,121.8483
21,65.3872,62.4868,121.0267
21,66.239,61.0755,121.2597
21,66.1786,60.7961,122.0761
21,67.2601,60.0635,121.9496
21,67.638,61.1903,122.0301
21,67.3351,62.3926,121.8516
21,66.8885,63.6178,121.8867
21,67.2709,62.1483,121.955
21,67.1661,61.6609,122.789
21,68.0691,60.9284,122.3047
21,69.2645,61.5763,121.6499
21,68.7953,62.2631,120.9569
21,68.6089,60.9337,121.1947
21,67.5642,61.4638,121.953
21,67.1233,60.3455,122.1487
21,67.5716,61.5883,122.2431
21,66.5331,62.4667,122.2946
21,65.3406,62.3848,121.9078
21,64.4599,63.3399,121.8989
21,63.0714,63.7159,122.1387
21,63.407,64.4816,121.5207
21,64.4658,63.6702,121.0124
21,64.0163,64.6914,120.7624
21,62.9801,65.0286,120.2943
21,64.3177,65.399,120.0422
21,63.1385,65.4968,119.5703
21,63.1134,66.237,120.5335
21,63.3956,66.0383,121.377
21,64.0133,64.695,121.387
21,62.5915,65.036,121.7692
21,62.7439,63.8741,121.5524
21,61.3033,63.9257,121.7919
21,61.0025,62.6953,121.501
21,60.6143,63.1334,122.4215
21,60.8974,63.6397,121.2487
21,61.8744,62.2714,121.1787
21,61.6691,63.7415,121.3355
21,61.687,62.7793,120.603
21,62.4691,63.5008,121.4143
21,62.8554,62.3119,121.3124
21,62.8137,62.1231,120.2377
21,61.7537,62.0633,121.2254
21,62.8177,62.6576,121.466
21,62.1732,64.3252,121.0926
22,63.6505,61.0984,120.9233
22,63.8545,60.9037,122.0517
22,64.6963,60.1412,122.4663
22,63.3307,60.0301,121.946
22,63.77,60.1151,122.9373
22,64.0647,61.3292,122.8494
22,64.5822,61.3884,121.9191
22,63.1891,61.8417,122.1372
22,61.8783,61.6452,121.7473
22,61.072,61.0148,121.0715
22,61.6777,59.3325,121.3979
22,61.344,60.8499,121.2512
22,62.6285,61.0222,120.9323
22,62.9754,60.4041,121.9104
22,61.4931,60.09,121.3877
22,60.2699,59.2672,122.1136
22,59.0947,59.8175,122.6489
22,57.8175,60.5771,122.0188
22,57.2271,61.1222,122.9108
22,56.2358,60.2213,122.8491
22,56.5955,59.0462,122.3862
22,56.4601,60.5397,122.1529
22,55.7159,60.2479,123.065
22,57.2247,60.8122,122.4774
22,56.3089,61.6985,122.3639
22,56.5316,61.3522,121.4436
22,55.3278,61.8981,121.7674
22,55.0425,62.2585,120.9005
22,56.4797,61.847,121.2709
22,54.9795,62.0475,121.5524
22,55.783,62.9888,121.8618
22,56.601,62.2637,122.2847
22,56.1464,62.8726,123.05
22,56.1888,63.8421,121.9999
22,55.0354,64.0326,121.3456
22,54.9876,63.3424,120.5695
22,54.8261,63.1534,119.6805
22,56.1055,61.7681,119.9564
22,55.2025,62.3695,120.667
22,54.6141,61.4497,120.9474
22,55.5711,62.2876,121.1994
22,55.1579,61.1503,121.0228
22,54.2568,60.2308,120.7179
22,54.3725,60.8242,119.5504
22,54.3577,61.6592,118.7652
22,54.2591,62.6604,118.1577
22,55.2358,62.2399,117.5157
22,56.6884,62.0533,117.2695
22,55.2895,60.6952,117.9756
22,53.7982,60.8313,117.1313
22,53.3196,61.1459,116.9485
23,63.1009,61.1566,120.7925
23,63.2957,62.3737,121.1102
23,63.1159,61.2507,121.9695
23,64.3596,61.4504,122.118
23,63.9006,63.0245,121.6967
23,62.8258,61.9915,122.0399
23,61.3574,62.2126,121.5421
23,60.8948,60.841,121.9821
23,59.9829,60.0847,122.464
23,61.1298,61.1743,121.8214
23,61.2117,61.3088,122.9754
23,61.2721,62.3326,121.9589
23,59.9325,61.702,122.517
23,58.6759,62.6937,122.4853
23,59.1529,63.2752,121.6086
23,58.0578,62.5948,122.5829
23,59.1267,63.3594,122.7241
23,58.1134,62.8559,123.0616
23,57.3914,62.9978,121.9124
23,58.6779,63.3985,121.7718
23,57.6118,62.049,122.4194
23,58.597,62.3558,123.1156
23,58.7728,61.2016,122.9254
23,57.4977,61.0544,122.569
23,56.4488,60.4945,122.1016
23,56.3938,61.7789,122.029
23,55.6687,62.2114,122.8583
23,56.988,62.5618,122.8499
23,55.5984,62.1857,122.2817
23,54.931,62.6774,121.4714
23,55.8238,62.8249,120.7964
23,55.4273,64.0021,120.5232
23,56.9731,64.2485,121.0732
23,57.2661,65.9604,121.0228
23,57.1721,67.3475,120.635
23,58.0958,66.5065,120.2199
23,59.5279,66.002,120.9554
23,60.2694,65.7862,119.929
23,59.4873,65.1737,119.3462
23,60.6308,65.884,119.4719
23,60.594,64.4301,119.441
23,59.6326,64.3146,120.1024
23,58.7478,64.8202,120.8177
23,57.922,64.0077,121.3057
23,56.9231,63.4031,121.761
23,58.2753,64.1982,121.2807
23,57.5432,64.5271,120.5273
23,56.1165,64.4348,121.129
23,55.5117,63.7706,120.2735
23,56.4215,64.7465,120.485
23,56.2825,65.5278,120.302
26,63.5582,61.1685,120.6912
26,62.8072,60.9886,120.0422
26,64.1108,60.6579,119.4917
26,65.5126,60.88,119.2939
26,64.2681,60.5707,119.1146
26,65.2012,60.9482,120.0492
26,64.1798,62.4312,119.8669
26,63.7452,63.6621,120.1141
26,62.2803,63.5456,120.7499
26,61.8954,62.369,121.2528
26,61.2882,61.9758,122.0486
26,60.0892,62.2804,122.6238
26,58.5685,62.2406,122.0196
26,59.5936,61.0771,121.8955
26,58.2499,60.9715,121.5142
26,58.6029,62.1195,120.9206
26,58.8948,61.9733,120.0466
26,58.0775,61.4484,121.0734
26,57.357,60.7185,120.3025
26,56.8541,59.0663,120.7892
26,57.0627,57.8392,120.6584
26,56.9931,57.4079,121.5318
26,56.7547,57.1827,122.3346
26,58.2201,57.8801,122.0517
26,57.7387,56.9077,121.4581
26,57.8263,55.4421,121.5054
26,56.9047,56.6349,121.5709
26,57.8301,55.5852,121.9393
26,59.0922,55.9296,122.113
26,57.8803,56.0866,121.365
26,59.279,56.3954,121.9562
26,59.6845,57.3234,122.8494
26,58.3433,56.8391,122.377
26,57.9458,57.0851,121.4981
26,57.0898,58.0259,121.374
26,57.2209,56.4299,121.9082
26,56.9458,57.9091,122.21
26,57.3515,57.0388,121.3996
26,57.5541,58.2728,121.4722
26,56.5228,57.7328,121.1702
26,57.5635,56.834,121.7116
26,56.6726,57.562,120.8451
26,56.0725,56.3767,120.3676
26,57.4313,56.6452,119.9524
26,56.8945,55.9479,121.1323
26,58.06,56.1771,120.1803
26,57.2051,55.8613,119.4727
26,58.5316,55.9362,119.1295
26,59.0169,57.2788,119.1397
26,58.7694,56.2127,118.4938
26,58.7965,56.861,119.704
27,63.1423,60.7349,120.5218
27,62.0703,59.8505,121.4556
27,62.8048,61.0045,121.7319
27,61.2163,61.4169,121.1242
27,60.1453,61.9765,120.6104
27,59.1194,60.6752,121.021
27,59.6882,60.3887,121.8572
27,58.9611,61.1325,122.4657
27,58.2159,60.8045,121.4325
27,58.2687,61.8938,121.0341
27,59.807,62.0875,121.484
27,58.3797,61.991,120.9643
27,57.5542,62.8638,120.8083
27,56.4554,61.8015,121.3568
27,56.7234,62.3062,120.127
27,57.4108,62.3732,119.346
27,58.2719,63.1947,118.7529
27,59.5213,63.5819,118.3275
27,58.6305,63.7192,119.4893
27,58.5965,63.4757,120.3575
27,58.0257,64.5838,119.4342
27,58.1027,63.0425,119.4185
27,58.6525,62.3258,118.5661
27,59.8812,61.6874,118.1497
27,59.2399,60.9577,117.4306
27,60.2168,60.4882,116.7267
27,59.2178,59.8161,116.3208
27,58.7484,59.8426,117.6414
27,58.0603,61.7275,117.5747
27,59.0545,61.6552,116.6529
27,60.4819,61.5092,116.2839
27,59.3238,60.0526,116.7149
27,57.6418,59.8838,116.2631
27,58.7727,60.6487,115.802
27,59.763,60.167,115.2047
27,60.7814,58.318,115.5
27,61.1763,59.6461,116.0099
27,61.4955,59.1567,116.8423
27,60.031,58.4691,116.7808
27,59.405,60.4134,116.6174
27,58.0898,61.4262,116.891
27,58.9193,62.5769,117.2981
27,57.8101,63.2904,116.7343
27,58.5548,62.6855,115.9109
27,60.4291,62.7471,116.7359
27,60.1486,64.4484,116.4853
27,61.7813,64.0445,116.0567
27,62.8639,62.5448,116.5956
27,62.688,62.6132,117.5117
27,63.1875,61.4966,117.15
27,63.3369,61.1735,116.5947
32,63.3424,60.8551,119.9268
32,62.3356,60.3364,119.3883
32,60.6069,59.5436,119.8897
32,60.5451,58.2551,119.3112
32,60.3099,58.2116,120.2735
32,59.308,58.9976,120.9169
32,60.0371,57.8991,120.6755
32,60.9516,58.5691,121.0911
32,61.3675,60.0262,121.0886
32,62.5863,60.1926,120.423
32,63.3956,60.2275,119.6574
32,63.7425,60.5845,118.8674
32,63.9163,59.5637,119.7897
32,64.881,58.5279,120.0405
32,64.1561,59.001,119.1448
32,63.1583,59.8015,118.7082
32,64.6955,60.1226,119.3019
32,65.5085,61.0508,119.5101
32,64.3942,62.0782,119.7267
32,65.0778,61.8859,118.7961
32,65.1465,60.3396,118.9986
32,65.737,59.3186,118.4269
32,67.1127,59.0255,118.7528
32,68.6749,58.8756,117.9235
32,67.7251,59.8863,118.2553
32,68.2735,59.27,119.183
32,69.1097,59.5147,117.9773
32,69.5902,58.8879,117.1537
32,68.6678,57.9178,116.8496
32,67.801,57.3052,117.88
32,68.4288,56.9129,118.572
32,68.2195,57.0054,119.4177
32,69.3574,58.1636,119.1726
32,68.0323,58.3743,119.5702
32,69.3201,57.6452,119.5533
32,69.9801,57.1686,120.1656
32,71.4134,57.5661,119.3934
32,71.2164,56.3916,120.0759
32,72.72,56.045,119.4877
32,72.5237,55.2231,118.6069
32,71.9465,55.8365,119.6703
32,71.7954,57.1805,119.7085
32,70.8547,56.8669,119.1416
32,70.0827,57.5058,118.5589
32,70.7032,56.3178,119.2057
32,71.7863,55.7828,118.2662
32,72.9646,56.2197,117.6607
32,72.0663,55.5612,117.0484
32,70.6148,55.8929,117.6183
32,69.6415,54.6419,118.0307
32,69.5107,54.6981,118.7958
34,63.5535,60.497,119.6317
34,64.781,59.345,119.5624
34,64.8221,59.1927,120.5088
34,63.1955,59.6497,120.294
34,63.3076,61.0493,120.3099
34,63.3511,60.3758,121.2686
34,63.523,61.428,120.463
34,62.3171,61.5977,119.9008
34,61.4198,60.2585,120.4434
34,62.1559,59.1923,120.1472
34,62.047,58.3405,120.8401
34,61.025,58.207,121.432
34,61.1559,59.1689,122.15
34,61.2964,59.9067,120.9479
34,62.1098,59.6125,121.9574
34,61.797,61.0026,121.2961
34,62.0974,61.8757,122.141
34,61.1899,60.8754,122.2877
34,59.888,61.4611,121.7994
34,61.2298,61.8214,122.3086
34,59.9295,61.8768,122.5033
34,59.989,60.613,122.638
34,60.0649,61.3541,121.533
34,59.8201,59.8596,121.8143
34,60.0779,61.4336,121.4136
34,61.2414,61.3698,122.299
34,62.2299,62.4197,122.4536
34,63.3714,63.1348,122.6543
34,62.245,63.3649,121.9277
34,60.8722,63.4329,121.9435
34,59.6622,64.1168,121.9903
34,59.6653,62.5837,122.2189
34,60.6685,61.7145,122.1734
34,61.9544,61.0581,121.8651
34,60.4835,61.4433,121.4247
34,61.5118,60.2372,121.4951
34,60.1789,60.2871,120.7585
34,58.9247,60.0013,120.5504
34,59.1111,61.313,120.5967
34,60.672,61.4415,120.9574
34,61.3812,63.0634,120.2802
34,62.8796,63.3952,120.788
34,62.7769,64.7162,119.9562
34,63.5504,64.4907,120.9783
34,63.1512,64.106,121.8409
34,62.0714,64.8584,122.4264
34,60.6052,64.8262,121.9952
34,61.5659,64.8766,121.1875
34,61.1681,64.2603,120.4329
34,60.4812,65.481,120.9838
34,61.758,65.1202,121.6276
35,63.4959,60.9163,119.7306
35,63.893,59.4185,119.5802
35,65.0638,59.3055,118.7323
35,64.0393,58.5731,118.2856
35,64.2343,59.6356,117.7853
35,63.8963,58.9313,118.9026
35,62.749,60.2648,118.7108
35,62.7426,61.2483,119.6503
35,61.4157,61.023,119.9952
35,61.0109,60.2474,120.6738
35,59.6699,61.3741,120.1391
35,59.7154,59.9374,119.9644
35,58.4631,59.2131,120.484
35,58.3573,57.9743,120.8995
35,58.8921,58.5056,119.7177
35,57.518,57.3885,120.1228
35,58.2701,56.7203,120.639
35,58.8359,57.5871,121.1925
35,58.999,59.2251,120.9394
35,58.8643,58.1052,120.4511
35,57.8382,56.7921,120.722
35,56.9694,57.4066,121.3188
35,56.7212,56.9068,122.093
35,56.3526,57.3736,120.8721
35,57.3359,57.6208,121.9538
35,57.9891,56.6939,122.4028
35,57.1023,57.8483,122.4785
35,56.4869,58.8544,122.1791
35,57.7426,58.4247,122.9078
35,56.6397,59.4856,123.1095
35,57.5056,60.5212,122.777
35,56.6706,59.3389,123.2678
35,56.0076,60.3529,122.367
35,55.8621,59.9753,121.4579
35,56.2636,60.7874,122.2138
35,57.4131,60.709,122.597
35,58.3657,59.843,122.7096
35,57.8789,60.9756,123.2626
35,56.7128,61.7913,122.9611
35,56.6017,61.0419,122.0596
35,55.3749,60.128,122.1255
35,55.5009,61.0383,121.1157
35,56.1008,62.113,121.3537
35,56.9954,62.0499,122.4064
35,58.3305,62.9777,121.881
35,57.6179,62.3122,121.1937
35,57.3506,63.5624,120.8958
35,56.8864,62.8427,121.9332
35,57.301,63.5952,122.702
35,56.9109,62.4005,122.2824
35,56.6265,63.0339,121.4273
36,63.1859,60.8775,119.661
36,64.5067,59.8756,119.854
36,63.0986,59.3116,120.4164
36,61.419,59.5293,120.2042
36,61.1466,60.248,119.404
36,59.8675,59.9167,120.2809
36,58.7643,59.7713,119.3235
36,59.4466,60.904,119.4193
36,60.5376,59.6365,119.5693
36,61.5764,58.7589,118.9833
36,62.218,58.9117,117.9516
36,63.8293,58.6619,118.4237
36,63.8588,57.2474,118.4445
36,63.2952,57.5977,119.3942
36,64.0523,58.6633,119.7299
36,64.0666,59.7408,120.3442
36,63.6431,60.7268,119.4872
36,64.3914,59.8171,118.8231
36,64.6076,60.9007,118.2902
36,65.5474,59.6488,118.3581
36,63.9218,60.0318,117.9217
36,63.5252,60.4935,119.1055
36,64.6403,60.7082,119.6829
36,64.4356,60.9833,120.5105
36,62.8992,60.3766,120.0179
36,61.7818,61.1924,120.3139
36,61.1824,61.4192,119.4782
36,61.4127,59.8297,119.7902
36,61.2388,58.5541,120.2052
36,61.343,59.3095,119.0758
36,60.6231,60.2473,118.6001
36,61.5342,60.9957,118.1128
36,61.7855,61.7907,119.281
36,61.2038,61.2025,118.3192
36,59.7451,61.615,118.532
36,59.258,60.1041,118.7505
36,60.4981,59.3346,118.7813
36,60.7287,59.5197,119.8117
36,61.7459,60.0025,120.2951
36,62.9248,59.9092,120.7075
36,61.3234,60.0191,120.4313
36,60.1892,60.7447,120.8797
36,60.4141,61.9874,120.4426
36,61.4035,61.8712,119.7791
36,60.0028,62.0095,119.7649
36,59.5806,63.2614,119.2359
36,58.5349,64.3014,119.5885
36,57.8495,65.1252,118.9441
36,56.8742,65.1666,119.9656
36,58.2356,65.9657,119.2359
36,57.3566,65.6968,118.8174
37,63.3312,60.8005,119.5025
37,63.844,59.1829,120.0112
37,62.8929,59.8954,120.7007
37,62.2023,60.8205,121.1732
37,63.7885,61.0123,120.8881
37,62.969,61.2043,121.6574
37,62.1767,60.0373,121.703
37,61.0577,60.978,121.46
37,61.1093,61.0408,120.4962
37,62.1663,59.7533,120.5018
37,62.178,58.9709,121.24
37,61.5061,57.8979,120.9652
37,61.5639,56.5097,120.4396
37,62.62,55.7918,119.938
37,62.4685,54.5061,119.5901
37,61.7962,54.6126,118.5723
37,62.2684,54.4507,117.7455
37,63.4506,53.151,118.1466
37,61.7395,53.7272,117.7673
37,62.9666,52.5971,118.2539
37,63.2898,51.4,117.8979
37,63.0295,50.2375,118.0893
37,61.616,50.5724,118.5303
37,62.6326,51.338,118.8195
37,63.5047,51.8376,119.5721
37,63.5858,53.2944,119.3094
37,62.3643,53.4564,120.2455
37,63.8643,53.456,119.5466
37,63.5668,53.833,118.7181
37,64.9693,53.0851,118.6008
37,64.7922,53.1381,117.4547
37,63.6754,53.3918,117.0746
37,64.4683,54.5652,117.4245
37,63.8962,54.3622,116.6135
37,64.6653,52.6134,116.6855
37,63.6917,53.997,117.0944
37,64.5549,52.5584,117.2065
37,65.3911,53.1506,116.2655
37,66.9501,53.776,116.8853
37,65.7843,53.0147,116.7656
37,66.7876,53.772,117.1983
37,65.3437,55.29,117.1057
37,65.4908,55.8447,118.2748
37,65.527,54.5698,117.889
37,65.4389,53.2786,117.929
37,64.6708,55.1033,118.0646
37,66.1758,54.6792,118.1179
37,65.1918,56.5031,118.1682
37,65.7048,54.8148,118.3591
37,65.614,55.1194,119.326
37,66.8047,55.1496,119.2951
38,63.6986,60.3342,119.3957
38,62.5096,60.5601,118.9875
38,63.9438,59.593,119.5748
38,63.5012,58.3322,119.8033
38,63.7307,56.9149,119.2982
38,64.2882,55.7993,119.3838
38,63.4901,54.9084,118.6597
38,63.6341,53.4045,118.6367
38,63.178,53.3748,119.6767
38,61.6475,53.3385,120.0741
38,62.005,52.4018,120.4653
38,61.4542,53.1447,119.5963
38,62.5259,52.6998,120.4018
38,61.7432,53.2006,119.4719
38,60.4509,52.2835,119.754
38,61.8174,52.6212,119.6856
38,62.7485,52.8466,120.3677
38,62.0683,51.8675,119.6277
38,62.8226,52.6851,119.2068
38,64.0423,51.6297,119.2467
38,63.4376,52.0779,120.3122
38,61.9044,52.4136,120.003
38,63.0475,53.2306,119.4974
38,61.9526,53.4416,119.0052
38,62.0561,53.5038,120.2244
38,61.1295,53.1335,120.9327
38,61.6137,54.1511,120.1603
38,60.0563,53.7384,120.6331
38,61.1453,54.1373,119.7963
38,61.7202,55.2969,120.2872
38,60.5972,56.0689,120.4891
38,60.4977,54.6671,121.0139
38,59.3686,54.1972,120.1992
38,58.9736,55.4265,119.9417
38,58.1231,56.5942,120.1618
38,59.3511,55.636,120.3893
38,58.4774,56.2983,119.5016
38,59.0184,57.0378,120.6092
38,60.3444,57.0541,119.7616
38,59.3229,58.0396,119.9943
38,58.5453,57.5835,119.1613
38,57.4559,56.0368,119.8349
38,56.6456,55.1768,119.9248
38,55.4885,55.4501,120.4543
38,56.0709,54.8986,119.3837
38,55.7703,54.3435,118.4896
38,54.8906,53.7457,117.807
38,54.9864,54.9364,117.7268
38,55.4078,56.0957,117.9658
38,54.9596,55.0439,117.4537
38,54.6955,55.0093,118.5369
39,63.3878,60.4471,119.2008
39,62.5714,59.268,120.1976
39,63.7211,59.8901,119.3042
39,63.0859,59.5202,118.5265
39,64.6557,59.7009,119.0466
39,63.2429,59.5358,119.4945
39,64.2497,60.8645,119.2898
39,64.4464,62.263,119.33
39,65.8028,62.6712,118.8073
39,64.8306,63.3697,118.2831
39,64.1156,63.9255,119.3597
39,63.5554,64.271,120.2285
39,63.0946,63.9003,121.0826
39,63.5975,63.4424,120.0382
39,64.9976,63.9939,119.9462
39,64.5572,65.2622,119.6893
39,65.4674,65.1085,118.875
39,66.2455,64.0126,118.2915
39,67.9511,64.2421,118.7313
39,68.0221,64.0514,117.5342
39,68.002,62.9366,116.8823
39,70.0203,62.9913,117.551
39,70.3108,61.6431,117.6881
39,70.1945,63.2861,117.5242
39,69.0446,63.7123,118.532
39,69.5242,63.3687,117.3123
39,70.3906,62.7791,116.4459
39,69.841,63.916,117.0355
39,70.0215,63.6511,118.2318
39,69.1342,65.0282,117.7812
39,69.0434,64.3974,116.8734
39,69.0262,65.0009,118.0069
39,67.546,65.1256,117.432
39,66.236,65.4647,116.929
39,65.9238,64.7292,118.1886
39,66.7486,63.6694,118.2998
39,67.8256,63.0035,118.4855
39,66.6666,64.1517,118.4743
39,65.9215,63.9072,117.7028
39,67.306,62.9613,117.9699
39,66.6854,64.4838,117.79
39,66.8953,63.1801,118.5043
39,66.4218,62.9097,117.4329
39,67.3659,63.9765,117.6265
39,68.3981,64.0127,116.7555
39,69.4557,63.1947,116.2025
39,69.8387,64.589,116.192
39,68.5457,63.267,117.1076
39,69.2852,64.3932,117.3313
39,68.3164,63.2926,117.1863
39,67.0633,63.9763,116.8099
41,64.0382,60.4715,119.0361
41,63.7731,61.6958,119.5031
41,64.9141,60.7089,119.4702
41,65.4427,59.8062,118.5702
41,65.7054,60.8678,118.1385
41,65.8148,61.5978,119.1432
41,64.9094,62.1528,119.8878
41,64.4575,63.8164,120.0949
41,64.5525,64.5406,120.9286
41,65.109,64.1376,121.6048
41,63.9395,64.5419,120.8702
41,63.5923,65.7519,121.3647
41,63.4065,66.5897,122.1118
41,62.697,65.6923,121.4843
41,63.7308,64.5776,121.7497
41,62.4551,64.9154,121.2585
41,61.6805,65.9317,121.0729
41,61.0996,65.9471,120.1534
41,61.7559,64.6935,120.1093
41,62.7265,63.7821,119.6076
41,63.875,64.4343,119.628
41,64.7356,65.9163,119.1154
41,64.0386,66.5194,120.1071
41,63.5855,65.3184,120.0886
41,64.0641,66.8282,119.4643
41,65.5009,65.856,120.1049
41,65.8352,65.2543,119.0335
41,66.513,63.6655,119.2986
41,66.0545,62.5174,119.8379
41,64.912,61.7833,119.2347
41,64.0603,60.6429,120.0345
41,65.4807,60.5401,119.6453
41,64.1065,60.2593,120.1531
41,64.087,61.7105,120.3221
41,64.6073,62.8107,119.891
41,64.3029,62.4869,119.0795
41,65.5333,63.4282,118.8915
41,65.7776,62.865,119.9757
41,64.7391,64.1664,119.8473
41,65.1207,64.8817,120.7377
41,63.8662,64.5116,120.4419
41,63.653,64.0558,119.5539
41,64.3856,64.8397,118.7708
41,63.726,64.4294,119.9187
41,63.1852,63.7446,120.6971
41,63.22,62.5002,120.5082
41,63.6427,63.183,121.2376
41,64.4981,63.0669,121.9117
41,64.2575,64.0497,122.5053
41,65.6293,64.538,121.7951
41,64.5431,64.7364,121.7057
42,63.7411,60.8387,119.0747
42,63.7735,60.4954,118.1282
42,64.7068,59.5366,117.7929
42,64.8658,60.05,116.5572
42,65.9185,61.241,116.5991
42,64.844,61.2358,116.1815
42,63.994,59.7737,116.6323
42,65.344,60.3504,116.9124
42,66.1017,61.2981,115.8066
42,64.477,61.0689,115.909
42,65.9884,59.875,116.3822
42,64.8658,60.1932,115.446
42,63.7248,60.8779,115.9263
42,64.1167,61.0334,115.0435
42,64.7188,59.1217,115.2578
42,66.1475,59.891,115.2579
42,65.695,60.9427,114.2652
42,66.596,59.0534,114.4765
42,67.8085,59.8916,114.7599
42,68.4075,59.0897,115.317
42,69.6487,58.1827,115.17
42,70.1369,57.4215,114.1097
42,71.5107,57.3352,114.1947
42,72.5554,56.4953,113.7928
42,71.9083,55.5649,114.3571
42,72.3254,54.3751,113.6492
42,71.5481,53.7527,112.8335
42,72.1483,54.9293,112.8635
42,72.7409,56.2865,113.0985
42,72.0751,56.5092,114.4668
42,72.8264,55.7676,113.2421
42,71.8018,56.6074,113.8257
42,73.0563,56.1082,113.2079
42,71.5881,56.5183,113.5301
42,72.7191,57.2376,114.5347
42,72.0091,56.2675,114.8257
42,73.3164,56.8414,114.6704
42,73.3356,56.7667,113.5018
42,71.9098,57.4193,113.9911
42,70.7143,57.9483,113.6257
42,70.8002,56.3532,113.5535
42,70.1398,55.2993,114.011
42,68.4945,55.2682,114.4057
42,67.811,54.432,115.1005
42,67.3551,53.0403,115.1083
42,67.8498,51.6934,114.4421
42,68.3811,50.6022,113.9512
42,66.7158,50.9503,113.7849
42,66.5599,52.2769,113.3604
42,65.8434,53.4503,114.1369
42,64.6409,52.9534,114.4501
46,63.6509,60.2285,118.4801
46,64.8669,58.8253,118.4931
46,64.2649,59.5095,117.5511
46,64.4359,60.1719,116.6699
46,65.168,59.3478,115.9478
46,64.8184,57.6333,116.1696
46,63.5859,59.1572,116.0357
46,63.5025,57.7365,115.9791
46,62.8278,57.4007,116.8032
46,64.5384,57.4305,116.2549
46,63.2452,58.2284,116.3819
46,64.5182,56.9401,116.5303
46,63.0063,57.1185,115.8948
46,64.3856,56.1999,116.1566
46,65.718,55.6235,116.1827
46,64.1762,55.3969,116.6148
46,65.3585,54.4605,116.0856
46,66.8197,54.9163,115.4805
46,66.7729,56.1776,115.8263
46,65.9734,56.3616,116.9245
46,67.1104,56.1394,117.2695
46,66.7423,56.7671,118.2374
46,65.4589,56.6234,117.4283
46,66.294,55.2271,117.3472
46,66.5715,53.996,116.6763
46,66.0545,55.571,116.5119
46,65.681,54.0068,117.1653
46,65.4194,55.7636,117.5494
46,65.5162,54.7245,116.8668
46,64.6401,55.5531,116.664
46,65.0528,55.7988,117.7992
46,63.5374,56.7193,117.5609
46,64.2838,55.182,117.736
46,64.3212,56.5648,117.122
46,63.2339,57.4691,117.1831
46,64.2634,57.1948,116.3225
46,64.8495,57.705,117.4326
46,66.1932,57.8189,117.5816
46,66.6237,56.4666,117.0921
46,66.919,56.1246,117.942
46,65.168,56.2441,117.3177
46,63.6149,55.39,117.9214
46,62.8797,56.3841,118.5804
46,63.777,56.1371,117.5008
46,62.7868,55.4739,116.9884
46,62.9293,53.8185,117.148
46,64.0073,52.8883,116.7906
46,63.5967,52.4879,115.7672
46,62.5271,52.3508,115.1985
46,61.0784,52.8337,115.3919
46,61.4893,53.1273,114.7394
47,63.9221,60.3169,118.3163
47,64.7599,58.8369,118.2813
47,64.5307,60.3476,118.4213
47,63.5645,61.3869,118.8276
47,63.4603,61.4932,119.9613
47,63.1466,61.5283,118.8524
47,63.1688,60.0307,119.1074
47,64.4549,60.5953,119.0399
47,64.9014,60.7204,117.8861
47,64.6247,61.2967,119.0591
47,64.7863,62.5325,119.5365
47,64.5877,61.2634,119.1993
47,63.1376,61.9698,118.5404
47,61.9893,60.5976,119.2377
47,60.6201,61.3897,119.0527
47,62.0719,61.863,118.4931
47,60.5489,60.9751,119.1237
47,59.5566,60.1808,119.605
47,59.7864,61.3598,118.6288
47,59.8471,62.5758,118.1432
47,61.1166,61.2105,118.2683
47,61.4182,62.8875,118.3801
47,60.0452,63.5602,118.5871
47,58.8114,64.3564,118.5781
47,59.1957,64.3479,119.776
47,57.8103,65.1708,119.1058
47,57.3177,64.59,118.2328
47,59.0404,64.3813,119.0517
47,58.7685,65.9014,118.7546
47,59.067,67.2405,119.1389
47,60.2105,67.6512,119.7017
47,59.3122,67.7256,120.4674
47,60.392,68.3032,119.4772
47,59.152,67.2805,119.7994
47,58.7531,66.6314,120.5006
47,59.4882,66.2986,119.4589
47,59.9348,64.893,119.434
47,59.0313,65.2972,120.2701
47,60.1052,66.0195,120.7128
47,60.0315,66.3011,121.5837
47,60.5212,65.1449,121.5629
47,61.5508,65.9485,120.773
47,62.7448,65.3846,120.3089
47,63.6596,64.1542,120.4656
47,64.6901,64.2145,121.1012
47,65.996,64.9082,121.0589
47,65.2597,64.0396,120.5452
47,64.574,65.0379,121.061
47,64.9565,66.3301,121.2555
47,64.0527,66.9825,120.6076
47,64.0304,66.7978,119.9093
56,63.6699,60.8714,117.4764
56,62.2863,61.4616,117.6011
56,61.0082,62.2457,117.3744
56,59.8933,62.9501,117.7911
56,58.6112,63.2929,117.425
56,59.8634,62.0633,117.7743
56,59.9688,63.6763,117.7252
56,60.5523,62.3894,117.132
56,61.0028,63.249,118.1649
56,61.3138,62.025,117.6513
56,62.7225,61.782,117.5936
56,61.8182,60.6585,117.7414
56,60.0355,61.3551,117.2728
56,60.3083,62.7322,117.634
56,61.5768,62.1965,117.0336
56,61.8104,60.3648,117.5811
56,61.7147,58.9928,117.5257
56,62.612,60.3268,116.9674
56,63.604,59.9217,117.8793
56,62.9754,61.3124,118.0626
56,62.0694,60.6722,119.0058
56,61.7793,59.6082,119.437
56,61.0869,59.4172,118.4057
56,60.2292,59.7596,117.7201
56,59.6959,61.0229,118.316
56,61.0106,61.8434,118.3276
56,59.5864,60.8879,118.8726
56,58.9332,60.7116,119.7267
56,60.1117,61.4749,119.8664
56,60.3106,60.2188,119.5385
56,61.022,60.2176,120.4586
56,62.4616,60.8607,119.9202
56,62.709,59.229,120.375
56,63.2276,58.5243,120.9485
56,63.6494,58.0188,119.8435
56,63.5207,59.18,119.5131
56,64.3348,58.8819,118.7166
56,63.8644,60.1434,119.3048
56,62.7791,60.9289,119.8304
56,62.9811,62.1996,119.3697
56,63.8056,61.6149,120.3094
56,64.3341,61.5009,119.1847
56,64.7044,62.7265,119.0381
56,65.0853,61.7132,118.5311
56,63.5437,61.2599,119.3532
56,62.1067,60.9704,118.815
56,61.1307,59.8067,119.5535
56,60.7325,60.3719,120.3519
56,60.432,60.1763,121.2023
56,60.1213,58.9555,121.1626
56,60.053,58.7695,120.401
68,64.3634,61.0055,116.2038
68,64.1969,62.2306,115.9206
68,65.002,61.9801,117.0677
68,65.1882,63.884,116.3656
68,66.6877,63.6822,115.9579
68,66.4596,65.2829,115.6883
68,68.4074,65.0745,116.3767
68,69.9399,64.551,116.1524
68,71.1654,65.2214,114.9842
68,69.9647,65.1839,114.6937
68,68.2351,64.2783,115.5996
68,67.4373,65.7407,114.7874
68,68.0102,66.924,114.4278
68,68.2511,65.5318,115.5464
68,68.0701,65.0163,114.4782
68,67.3452,66.2656,114.6823
68,67.1683,67.7368,114.4777
68,68.2957,66.6581,114.409
68,67.2035,67.829,113.5243
68,68.9318,67.7386,113.9784
68,70.0554,66.566,113.8021
68,70.7793,65.2171,114.2815
68,72.1304,64.7724,113.727
68,73.3024,64.329,113.9981
68,74.1341,63.2563,113.9378
68,74.9163,64.9385,113.26
68,74.9762,66.5541,113.1433
68,75.9259,64.9793,113.7072
68,75.5794,66.5911,113.8409
68,75.7588,67.7445,113.0398
68,76.6674,68.9793,112.6338
68,77.3233,69.3274,113.6288
68,76.1915,70.6325,113.0168
68,76.0415,68.9757,113.087
68,75.3069,67.7461,113.5601
68,76.328,68.7579,113.5233
68,75.718,67.4084,113.3311
68,77.155,67.6208,113.2506
68,78.3236,66.8065,113.022
68,77.2129,67.096,113.8764
68,75.6555,66.7042,113.7381
68,75.4582,65.0208,114.0049
68,76.2275,64.4912,114.6962
68,76.2215,64.6647,115.5543
68,75.6056,66.1749,115.8582
68,74.1706,66.365,116.4228
68,74.0511,65.3029,115.662
68,75.2291,65.2002,114.9963
68,76.5623,64.6634,115.0479
68,76.6492,66.2216,114.8796
68,75.8409,65.4764,115.3815
