1,24.8722,24.8818,24.9082
1,23.2022,38.8564,23.7656
1,28.5636,29.4521,40.6406
1,29.4425,31.6494,31.2363
1,22.7628,20.8388,41.4316
1,21.9718,27.2549,27.1934
1,19.7745,27.6943,39.5859
1,24.7843,27.6943,46.8809
1,38.3194,38.9443,26.4023
1,37.7042,34.4619,36.9492
1,41.0440,40.3506,26.7539
1,37.7921,39.6474,39.1465
1,39.1104,43.6904,21.7441
1,41.5714,40.4384,40.3770
1,59.0616,39.3838,27.0176
1,51.1515,48.9638,49.4297
1,47.1085,45.0966,44.5957
1,47.8116,50.6338,38.7949
1,42.9776,45.6240,45.2988
1,45.7022,49.1396,49.6934
1,44.8233,46.1513,48.6387
1,46.0538,45.7119,47.7598
1,49.3936,48.9638,52.4180
1,46.3175,48.7002,51.1875
1,47.9874,40.3506,55.3184
1,40.6925,41.4931,66.3047
1,56.2491,46.5908,54.3516
1,50.2726,48.0849,50.7480
1,53.9640,52.7431,54.0879
1,58.0948,55.9951,56.4609
1,64.3351,49.9306,60.2402
1,60.4679,58.3681,61.9102
1,64.7745,62.4111,65.4258
1,67.8507,64.8720,66.6563
1,65.4776,62.4111,67.2715
1,63.8956,60.6533,63.5801
1,60.1163,58.8076,60.5039
1,64.6866,62.8506,64.8106
1,73.6515,60.7412,54.7910
1,63.8077,69.6181,63.7559
1,65.4776,68.4756,66.3926
1,63.9835,64.9599,63.7559
1,67.3233,66.1025,65.2500
1,66.0929,66.7177,66.1289
1,65.1261,67.8603,65.8652
1,61.2589,63.4658,61.1191
1,64.5987,66.5420,65.7773
1,68.0265,70.5849,69.9082
1,71.0147,74.6279,72.6328
1,74.0909,77.1767,76.8516
1,72.8604,77.1767,74.7422
2,25.5937,25.7792,25.5603
2,15.4863,42.4784,22.8357
2,22.5176,18.5721,38.3045
2,34.8223,33.3378,18.0018
2,8.2793,35.4471,30.6580
2,36.2285,19.0995,25.3846
2,8.8945,24.2850,36.1072
2,29.6367,8.5526,39.0076
2,29.9004,22.9667,22.1326
2,34.9102,20.5936,32.4158
2,39.8320,33.5135,27.9334
2,40.7109,45.9061,10.5311
2,42.2051,33.0741,17.3865
2,28.4062,38.3475,38.3924
2,43.5234,24.9003,25.7361
2,26.4727,21.8241,38.7439
2,29.6367,29.0311,29.5154
2,22.6934,33.9530,18.5291
2,34.7344,7.2343,31.6248
2,12.3223,31.1405,35.4041
2,22.4297,36.3260,37.0740
2,22.7812,12.5956,52.1033
2,44.0508,19.1874,33.9978
2,21.9902,28.5038,47.0936
2,21.6387,28.1522,36.8103
2,39.9199,25.7792,31.5369
2,31.0430,19.8026,32.9432
2,24.2754,35.0077,10.8826
2,17.5078,15.5839,35.7557
2,19.4414,24.2850,39.7107
2,29.1094,26.9218,30.6580
2,33.8555,21.6483,13.3436
2,25.7695,31.2284,29.6033
2,30.8672,29.8221,33.2068
2,33.4160,21.9120,23.4510
2,17.4199,12.1561,35.2283
2,32.3613,16.8143,30.8338
2,32.4492,24.6366,38.6561
2,17.7715,31.2284,33.9100
2,33.1523,36.0624,23.7146
2,34.8223,36.5018,37.2498
2,34.1191,29.4706,37.7771
2,28.6699,12.8593,53.2459
2,29.7246,31.3163,35.0525
2,2.1270,39.7538,40.6775
2,31.7461,35.7108,30.2186
2,30.7793,30.0858,32.4158
2,26.4727,33.2499,32.1521
2,22.8691,46.4335,30.4822
2,16.5410,31.2284,41.9959
2,27.7031,44.1483,20.6385
3,26.9147,26.8286,26.8374
3,41.7682,28.5864,12.7749
3,16.8073,40.0122,25.6069
3,38.6921,36.4087,16.0269
3,28.7604,42.6489,34.4839
3,35.2643,34.6508,36.8569
3,40.8015,14.2602,32.1987
3,42.9987,33.8598,24.5522
3,21.2018,45.6372,34.6597
3,32.1882,33.8598,36.4175
3,30.4304,29.6411,51.6226
3,18.6530,29.9926,47.6675
3,20.3229,38.5180,30.8804
3,42.7350,21.2036,24.2007
3,28.8483,30.8716,21.7397
3,11.3581,29.4653,42.3062
3,27.7936,41.7700,29.0347
3,41.6804,22.2583,37.3843
3,30.1667,15.0512,40.8120
3,21.3776,33.5083,27.8921
3,30.1667,20.3247,40.8120
3,30.9577,34.7387,36.5933
3,32.1882,32.5415,32.1987
3,21.2897,38.3423,19.9819
3,34.1218,18.6548,34.7476
3,29.4636,36.5844,10.9292
3,12.3249,29.7290,38.6147
3,24.7175,42.1216,26.0464
3,23.3991,26.2133,47.3159
3,23.5749,46.8676,34.4839
3,37.5495,42.6489,42.0425
3,37.6374,47.5708,26.4858
3,28.7604,36.6723,47.5796
3,34.8249,35.7055,54.6987
3,48.7995,36.5844,53.2925
3,51.1725,35.9692,38.5269
3,44.8444,53.0200,21.7397
3,56.0065,32.4536,26.3979
3,49.4147,16.1059,45.6460
3,36.4948,36.4087,54.5229
3,43.3503,47.3071,49.7769
3,40.8893,43.0883,46.8765
3,43.5261,43.4399,46.7007
3,45.1081,47.0434,50.4800
3,46.7780,47.0434,50.3921
3,50.6452,51.5258,54.8745
3,46.2507,41.4184,58.3022
3,44.9323,46.3403,48.6343
3,37.7253,27.1801,58.0386
3,45.9870,29.1137,43.2729
3,40.8015,44.0551,46.4370
4,27.6275,27.8798,28.1452
4,38.7018,19.1786,34.3855
4,16.7291,23.2216,40.4499
4,27.8912,30.6044,40.8015
4,34.8346,37.2841,15.4890
4,24.5514,27.7919,41.3288
4,31.6705,29.8134,32.1003
4,50.0396,26.6493,11.9733
4,37.2076,38.2509,37.5495
4,40.6353,34.1200,21.2019
4,29.0338,28.0555,32.2761
4,31.0553,32.9774,35.0007
4,37.8228,17.0692,35.8796
4,20.6842,38.6024,30.3425
4,29.1217,11.0048,40.0983
4,36.2408,27.2645,14.3464
4,15.3228,28.1434,38.0769
4,30.2643,33.2411,36.4948
4,32.3736,23.4852,49.0632
4,20.4205,36.8446,40.5378
4,40.3717,28.6708,23.8386
4,36.6803,30.3407,41.4167
4,35.0982,38.6903,40.4499
4,38.7018,33.4169,38.0769
4,23.0572,13.6415,54.5124
4,21.3873,33.5927,41.0651
4,33.5162,39.9208,14.4343
4,17.8717,34.7352,33.0671
4,27.5396,39.2177,34.1218
4,21.6510,42.8212,15.4890
4,35.0103,26.2098,34.2097
4,28.5943,42.1180,36.0554
4,36.5045,41.2391,41.5046
4,38.7896,41.7665,44.6687
4,35.6256,51.2587,43.0866
4,35.8014,50.1161,28.0573
4,38.2623,40.6239,22.4323
4,38.5260,40.0966,40.0983
4,30.5279,52.9286,15.1374
4,34.7467,40.2723,40.8015
4,38.7018,45.1063,44.3171
4,30.9674,45.1063,44.4050
4,37.4713,23.7489,47.9206
4,37.3834,41.5907,44.9323
4,35.9771,48.7098,47.1296
4,41.7779,48.0067,49.5026
4,43.7115,51.8739,51.4362
4,47.4029,53.7196,53.3698
4,50.3912,50.7313,55.5671
4,51.0064,52.5770,55.1276
4,50.7428,53.2802,53.5456
5,28.6418,28.9564,28.9239
5,35.2336,38.0970,24.6173
5,40.5070,45.5677,9.1485
5,26.9719,43.8099,33.4063
5,11.1515,26.4076,52.1271
5,29.0812,20.8705,41.9317
5,23.5441,14.6302,53.4454
5,36.3762,39.5912,39.9981
5,40.2433,34.6693,48.0841
5,15.0187,43.0189,50.1056
5,40.5070,42.7552,41.4044
5,23.8078,58.7513,30.3302
5,29.5207,46.1830,35.6036
5,36.1125,38.4486,35.6036
5,37.4308,42.4916,37.0978
5,41.9133,45.3920,40.3497
5,44.5500,49.6107,44.2169
5,44.7258,51.5443,46.1505
5,44.9894,53.1263,49.0509
5,47.1867,53.5658,51.8634
5,44.7258,52.2474,48.3478
5,38.3976,52.2474,53.7091
5,47.3625,52.1595,48.2599
5,43.1437,49.0834,43.9532
5,41.7375,54.3568,42.8985
5,42.8801,46.2709,42.9864
5,46.6594,50.4896,47.4688
5,42.8801,48.3802,49.8419
5,49.2961,50.5775,51.2481
5,62.3918,40.9095,50.8087
5,55.4484,55.4115,53.0938
5,57.2062,56.0267,56.0821
5,53.8664,55.2357,54.5880
5,49.7355,57.3451,58.5431
5,45.8683,69.8256,53.0060
5,56.4152,62.8822,60.9161
5,54.0422,61.2123,57.6642
5,51.0539,57.5209,53.5333
5,51.5812,59.9818,56.5216
5,40.6828,67.8041,57.3126
5,54.2180,60.8607,56.3458
5,55.8000,64.5521,59.0704
5,58.7883,66.6615,59.6856
5,57.6457,63.4095,59.4220
5,56.4152,65.5189,61.6192
5,60.5461,69.7377,65.3106
5,60.3703,67.0131,65.6622
5,56.6789,64.9037,61.2677
5,59.0519,67.1888,60.2130
5,57.7336,63.4974,58.8067
5,60.9855,68.0678,61.5313
6,29.6684,29.7361,29.7642
6,42.9398,32.5486,18.6899
6,34.6781,49.7751,9.6372
6,36.3481,38.7009,38.2017
6,28.2621,30.7028,44.6177
6,26.7680,47.8415,38.4653
6,41.2699,43.8864,43.9146
6,39.6879,42.8318,40.3989
6,36.4359,44.4138,44.6177
6,53.9262,40.1071,32.4888
6,48.3012,44.4138,46.2876
6,48.8285,40.8982,40.9263
6,61.3090,34.0427,38.2017
6,53.4867,49.4236,50.4185
6,53.0473,48.4568,51.5610
6,64.7367,38.5251,41.8931
6,52.0805,48.0173,51.1216
6,50.6742,46.6989,47.4302
6,51.5531,50.4782,49.5396
6,65.5277,52.2361,39.0806
6,53.9262,53.9939,50.0669
6,58.2328,58.3005,54.0220
6,62.7152,62.1677,58.1528
6,58.6723,58.3005,57.3618
6,57.5297,55.2243,54.8130
6,60.4301,59.2673,56.8345
6,56.7387,57.9489,55.4282
6,59.5512,61.4646,58.0649
6,61.2211,64.9802,61.0532
6,58.9359,61.0251,59.4712
6,57.4418,62.2556,62.1958
6,59.6391,66.3864,64.4810
6,60.0785,64.0134,61.4927
6,60.3422,62.3435,61.7563
6,60.1664,60.3220,59.3833
6,59.9027,58.2126,59.6470
6,56.2113,53.6423,55.8677
6,60.3422,57.1579,59.9985
6,62.3637,55.4880,62.0200
6,57.5297,51.0056,57.2739
6,59.0238,53.9939,57.4497
6,58.7602,54.4333,55.7798
6,55.3324,50.3903,53.4946
6,58.0570,54.5212,55.7798
6,61.9242,59.0036,59.2954
6,63.3305,61.6403,62.8989
6,65.5277,64.7165,63.6899
6,64.4731,63.9255,61.3169
6,62.6273,64.8923,63.1626
6,62.8910,66.4743,65.5356
6,50.5863,70.7810,61.1411
7,30.7811,30.8680,30.9375
7,34.9119,32.3622,38.7598
7,15.7518,32.0106,40.4297
7,16.8943,20.7606,52.4707
7,41.2401,6.6102,44.4727
7,41.8553,40.0966,42.2754
7,42.0311,40.0087,40.4297
7,42.9979,41.0634,42.8906
7,51.6990,35.9657,47.8125
7,43.4373,45.9852,38.0566
7,23.5740,56.3563,41.9238
7,38.8670,41.8544,43.0664
7,42.2947,45.8973,45.2637
7,25.9471,35.7020,57.8320
7,46.0740,46.7762,49.3066
7,46.4256,44.0516,47.4609
7,42.2947,40.0966,42.4512
7,39.3065,13.8173,47.9004
7,40.3611,41.1512,42.8027
7,51.2596,21.0243,46.3184
7,40.9764,39.8329,39.3750
7,39.8338,37.1083,33.5742
7,37.9002,10.0380,46.7578
7,33.5057,31.9227,32.6074
7,33.5057,31.0438,42.2754
7,38.9549,37.8993,40.5176
7,39.0428,27.2645,38.7598
7,37.1092,38.1630,36.5625
7,24.3651,45.6337,39.6387
7,40.6248,43.2606,40.6934
7,42.2947,42.9091,40.9570
7,37.5486,39.5692,36.8262
7,41.0643,40.6239,39.2871
7,48.8865,40.3602,40.2539
7,45.1072,48.4462,44.7363
7,38.5154,45.9852,47.8125
7,45.0193,37.4598,38.2324
7,33.5057,53.3680,38.7598
7,44.0526,34.5594,46.2305
7,38.6912,29.9012,58.8867
7,54.9510,37.1962,48.8672
7,49.0623,47.3036,48.6035
7,44.8436,44.9305,45.1758
7,49.0623,48.8856,49.6582
7,51.3475,53.1044,52.5586
7,47.4803,51.2587,50.1855
7,44.5799,47.8309,45.5273
7,47.3924,51.5223,49.9219
7,51.4354,54.7743,54.3164
7,55.4783,57.0594,56.0742
7,55.8299,53.7196,56.8652
8,31.6134,32.0300,31.8208
8,18.8692,33.6999,26.9868
8,20.6270,40.2917,30.6782
8,39.6114,30.0085,12.4849
8,19.1329,34.2273,35.2485
8,31.7892,36.3366,37.0063
8,16.8477,32.5573,37.8853
8,15.9688,31.7663,27.2505
8,37.3263,20.7800,27.7778
8,32.4923,32.2058,31.4692
8,31.0860,27.3718,37.5337
8,15.8810,34.5788,30.0630
8,38.4688,17.3523,18.4614
8,28.1856,8.7390,41.8403
8,26.6915,23.9441,26.8110
8,15.6173,18.4070,44.6528
8,14.2989,42.8405,25.2290
8,36.2716,31.0632,9.6724
8,37.9415,25.2624,32.2603
8,34.2501,34.4909,32.6118
8,31.3497,50.0476,28.6567
8,28.2735,36.8640,49.6626
8,42.9513,43.1921,45.5317
8,46.1153,48.1140,49.0474
8,50.6856,52.3327,53.2661
8,47.3458,56.7273,57.9243
8,57.1017,55.4089,55.6392
8,55.6954,56.7273,54.4966
8,59.1231,60.2429,59.2427
8,60.0020,63.4070,50.5415
8,56.3985,56.9909,55.3755
8,59.8263,61.4734,59.2427
8,56.2227,57.7820,57.6606
8,60.0020,62.0886,61.0884
8,64.5724,66.2195,65.3071
8,61.6720,66.2195,65.4829
8,60.7931,62.7038,63.1978
8,56.3106,59.0124,60.2095
8,57.8048,60.7702,58.8911
8,61.0567,62.1765,61.2642
8,62.0235,62.1765,59.7700
8,64.3087,64.8132,64.0767
8,66.5938,63.0554,65.1314
8,70.5489,67.4499,69.0864
8,73.3614,67.0984,71.2837
8,70.2853,63.2312,66.8013
8,65.9786,59.7155,63.3735
8,64.2208,61.3855,61.7915
8,61.9356,59.1882,62.4067
8,60.7052,56.1120,60.5610
8,62.0235,57.0788,64.0767
9,32.5881,32.7595,32.8825
9,32.8517,46.5583,26.7302
9,46.5627,25.8161,34.3767
9,51.7482,37.6813,16.7106
9,44.8928,43.9216,42.4626
9,48.5842,48.3161,47.1208
9,49.9025,47.2614,47.6481
9,50.1662,48.2282,50.3728
9,48.9357,48.8434,48.2634
9,51.6603,52.9743,52.4821
9,50.1662,53.4138,52.5700
9,46.5627,48.7556,49.2302
9,47.9689,48.7556,51.5153
9,48.8478,51.6559,54.5915
9,51.9240,56.2263,58.5466
9,49.0236,52.4470,54.1521
9,48.9357,53.7653,52.8337
9,45.4201,49.2829,48.8786
9,49.5510,53.6774,52.9216
9,45.4201,50.3376,50.2849
9,48.8478,51.6559,53.2731
9,50.1662,53.7653,56.6130
9,54.5607,56.9294,60.0407
9,50.2541,52.5349,56.0856
9,50.1662,51.8317,53.3610
9,51.3088,50.9528,53.2731
9,58.6916,52.4470,43.1657
9,56.5822,54.4684,54.8552
9,57.7248,55.9626,58.1071
9,57.9885,55.9626,56.1735
9,66.2502,54.5563,55.9099
9,60.4494,54.5563,49.4060
9,59.1310,57.1931,59.7771
9,58.6037,61.4997,56.0856
9,60.9767,49.2829,54.3278
9,53.2424,50.8649,53.6247
9,55.1760,54.6442,55.7341
9,56.5822,57.0173,56.6130
9,49.8146,60.7087,66.8083
9,51.3967,61.9391,54.2399
9,54.3849,56.8415,60.4802
9,43.4865,54.9958,59.4255
9,48.4963,48.4040,53.8884
9,49.3752,51.2165,57.1403
9,51.0451,50.8649,57.4040
9,50.5178,47.7009,55.0310
9,54.2971,51.7438,59.2497
9,54.7365,51.0407,56.8767
9,58.0764,53.3259,58.1071
9,60.0978,57.1052,61.5349
9,61.8557,56.3141,63.4685
10,33.5224,33.9539,33.7790
10,31.6767,49.5984,9.5212
10,44.7724,34.3055,30.6149
10,34.5771,35.8875,33.5153
10,24.8212,38.8758,40.1950
10,23.3271,38.7879,28.9450
10,45.6513,28.8563,16.9040
10,35.9833,30.4383,14.0036
10,25.1728,27.3621,38.8767
10,33.8739,34.3934,34.3942
10,35.8954,36.9422,11.1032
10,15.0653,43.1824,31.0544
10,11.9892,27.8895,50.4782
10,37.3896,38.4363,40.8103
10,41.6083,42.4793,43.8864
10,43.8056,43.8856,43.9743
10,44.8603,47.4012,45.9079
10,38.0927,52.7625,42.5681
10,33.4345,41.3367,47.9294
10,36.3349,37.7332,39.0524
10,38.4442,41.7762,27.9782
10,32.4677,26.3953,47.3142
10,42.7509,36.5027,26.1325
10,40.6415,16.4637,38.1735
10,20.3388,35.7996,39.2282
10,25.8759,20.5067,38.3493
10,30.7099,31.8445,38.7009
10,34.3134,34.6570,39.0524
10,28.4247,42.1277,35.6247
10,39.0595,24.0223,46.7868
10,38.9716,34.5692,38.7009
10,43.1024,39.1395,42.3923
10,50.6610,13.7391,38.2614
10,47.6728,7.2352,32.0212
10,37.6532,34.9207,40.3708
10,40.3778,22.4402,34.9216
10,48.3759,27.0106,33.5153
10,37.3896,32.9871,50.2146
10,50.2216,21.9129,51.2692
10,47.4970,43.7977,51.3571
10,43.6298,41.8641,48.5446
10,45.8271,41.7762,48.0173
10,42.7509,29.9109,50.1267
10,46.7939,45.1160,43.3591
10,45.3876,45.1160,45.4685
10,47.4091,45.1160,47.6657
10,49.9579,29.6473,48.0173
10,44.2450,41.5125,43.6228
10,45.1239,41.9520,45.0290
10,47.7607,53.0262,39.5798
10,37.1259,47.5770,46.5231
11,34.6456,34.9348,35.1018
11,27.7022,26.9367,35.1018
11,32.9757,34.3195,35.3654
11,36.9308,28.5187,45.2971
11,39.0401,22.8937,35.1018
11,26.9112,45.3937,22.9729
11,42.3800,27.0246,32.9924
11,35.6124,37.8351,34.7502
11,21.1983,56.7316,25.1701
11,39.3038,41.7023,37.5627
11,38.2491,41.7023,30.4436
11,40.6222,42.6691,40.1115
11,33.2393,42.6691,40.2873
11,35.7882,37.9230,39.5842
11,15.3097,41.1750,40.0236
11,37.4581,41.1750,40.1115
11,39.0401,38.0988,48.0217
11,45.8956,42.0539,27.5432
11,35.0851,39.1535,35.0139
11,39.8311,43.4601,36.1564
11,38.5128,42.7570,41.1662
11,41.5890,47.5910,45.0334
11,40.7979,50.5793,47.1428
11,49.8507,35.4621,42.3088
11,48.7960,30.2765,54.7893
11,46.6866,45.2180,44.1545
11,42.8194,42.9328,40.0236
11,53.9815,25.6183,18.4025
11,36.4913,38.8898,32.7287
11,40.1827,37.3957,35.3654
11,34.3819,37.3957,34.8381
11,43.1710,26.4094,38.8811
11,38.9522,39.7687,34.3107
11,39.2159,34.4074,36.0686
11,37.1065,41.9660,35.4533
11,33.5909,37.9230,30.7072
11,35.8761,41.7902,35.0139
11,23.3956,44.6906,29.4768
11,30.0753,33.2648,30.0920
11,26.7354,27.1125,28.1584
11,44.4893,22.3664,18.1389
11,40.9737,30.9797,33.2561
11,29.7237,45.5695,18.3147
11,33.3272,28.8703,38.8811
11,35.0851,36.9562,31.2346
11,31.3936,50.2277,25.3459
11,28.5811,35.4621,36.5080
11,35.6124,37.9230,32.2893
11,39.8311,42.4933,35.6291
11,40.4464,41.8781,37.2990
11,37.1065,38.1867,35.2775
12,35.8910,35.9341,35.9156
12,32.6391,34.1762,32.1363
12,32.6391,48.1508,27.5660
12,42.4828,33.4731,42.6832
12,41.6918,38.8344,40.3102
12,40.0219,39.3618,39.6949
12,34.2211,50.6118,39.8707
12,38.0004,43.7563,54.1969
12,43.5375,46.4809,47.8688
12,39.4066,41.9985,44.5289
12,42.6586,44.0200,48.4840
12,44.3285,43.5805,49.0992
12,47.7563,48.0630,52.0875
12,47.1410,49.0298,45.4078
12,57.8637,42.3501,49.8023
12,48.5473,45.9536,50.9449
12,46.7016,44.7231,47.5172
12,49.7777,39.1860,34.5094
12,43.9770,47.7114,46.2867
12,46.7895,48.6782,47.2535
12,46.8773,45.9536,44.4410
12,47.4047,44.6352,36.1793
12,43.8891,45.7778,43.5621
12,42.3070,45.7778,44.0016
12,39.9340,50.4360,33.5426
12,25.4320,44.9868,41.8043
12,32.8148,24.6841,46.4625
12,40.2856,37.6919,41.8922
12,55.6664,22.5747,40.4859
12,43.9770,41.7348,40.8375
12,45.8227,45.7778,44.2652
12,44.3285,42.1743,40.3980
12,40.9008,42.1743,40.2223
12,40.2856,45.7778,9.4605
12,40.8129,46.0415,33.3668
12,55.5785,25.8266,27.8297
12,45.9984,42.7016,42.3316
12,43.5375,42.7016,41.9801
12,47.8441,46.7446,44.8805
12,48.6352,48.4145,43.3863
12,32.1117,49.9966,44.0895
12,39.4945,41.2075,44.2652
12,38.6156,38.8344,51.1207
12,41.6918,39.0981,44.7047
12,46.3500,43.4048,48.3961
12,50.1293,45.9536,52.1754
12,51.7113,48.9419,52.6148
12,54.6996,49.3813,54.4605
12,51.0082,47.9751,51.0328
12,51.0961,36.4614,50.2418
12,57.6879,42.7895,29.9391
13,36.6838,37.0142,36.9167
13,41.4299,43.6939,38.6745
13,39.9357,43.1666,41.9265
13,30.6193,54.7681,22.7663
13,36.2443,36.8384,34.6315
13,22.4455,44.6607,36.6530
13,39.5842,28.0494,34.1921
13,39.6721,37.0142,37.7956
13,42.6603,41.3209,21.6237
13,41.6935,41.8482,40.3444
13,41.2541,39.5630,46.8483
13,42.9240,42.4634,40.6960
13,47.2307,46.3306,42.8933
13,42.7482,42.9029,43.7722
13,48.5490,43.6060,41.6628
13,40.4631,42.9908,37.2683
13,40.9025,42.9908,41.4870
13,45.8244,47.1216,31.4675
13,45.7365,45.8912,42.8054
13,48.2853,48.3521,36.9167
13,51.2736,32.9713,36.8288
13,46.0002,46.5943,14.8562
13,35.6291,42.8150,39.1140
13,36.1564,37.7173,36.9167
13,28.3342,41.1451,42.2780
13,46.7912,40.7935,29.0065
13,53.2951,38.7720,38.1472
13,41.5178,38.7720,41.3112
13,43.0998,39.6509,30.0612
13,30.7951,55.2076,27.6882
13,43.1877,45.7154,46.0573
13,39.9357,41.7603,41.3112
13,46.3517,44.8365,41.2233
13,58.2170,30.5103,43.1569
13,43.3635,40.7935,45.0026
13,40.7267,38.2447,40.9597
13,43.0998,42.1119,42.5417
13,47.4943,45.9791,45.6179
13,47.1428,48.2642,46.8483
13,34.9260,61.8873,38.3230
13,48.9006,49.5826,49.6608
13,53.2072,53.6255,52.9128
13,51.5373,49.8463,50.1882
13,56.0197,53.5377,54.1433
13,56.0197,53.5377,55.7253
13,57.5139,53.9771,54.8464
13,55.4924,53.9771,53.7917
13,51.6252,50.6373,49.3093
13,56.0197,53.5377,52.7370
13,62.2599,54.0650,40.3444
13,54.9650,51.0767,53.1765
14,37.5785,37.8228,37.8158
14,40.6547,38.7017,40.6283
14,47.3344,41.3384,36.7611
14,45.8402,42.6568,42.2103
14,49.7953,47.0513,46.7807
14,46.2797,45.0298,42.9135
14,47.4223,44.3267,44.0561
14,46.8070,44.3267,45.5502
14,41.7973,47.2271,46.8686
14,48.0375,45.9966,47.0443
14,46.1918,42.6568,43.0014
14,52.6957,43.7994,36.9369
14,50.4106,53.7310,43.2650
14,52.0805,53.2916,49.3295
14,51.8168,54.9615,51.5268
14,54.3656,57.1588,55.6576
14,56.4750,57.9498,58.5580
14,51.2016,55.7525,57.7670
14,52.0805,54.3463,51.7025
14,51.0258,53.7310,37.1127
14,50.6742,50.9185,46.7807
14,52.8715,50.9185,48.1869
14,53.2231,51.2701,50.9994
14,54.1020,49.7759,51.2631
14,58.4965,53.9947,55.2182
14,58.5844,53.9947,57.5033
14,63.6820,47.1392,57.9428
14,54.9809,53.9947,53.2846
14,58.4086,55.5767,56.7123
14,61.3090,55.8404,57.4154
14,61.4848,57.6861,57.4154
14,57.0902,54.3463,55.4818
14,67.3734,45.4693,56.8002
14,56.6508,53.3795,57.5033
14,56.5629,53.3795,55.3061
14,67.3734,51.4459,47.3080
14,58.5844,60.3228,58.4701
14,60.8695,60.3228,61.4584
14,59.8148,64.0142,62.2494
14,60.1664,66.7388,64.0951
14,63.5063,68.3209,65.1498
14,58.8481,69.2877,66.2045
14,66.8461,68.2330,67.3471
14,65.3520,69.1119,67.8744
14,65.9672,68.6724,66.1166
14,68.5160,68.5845,66.9955
14,70.7133,72.1002,68.8412
14,68.6039,70.1666,70.0717
14,68.1645,67.6177,59.0853
14,64.6488,68.4966,66.7318
14,65.5277,73.9459,65.3256
15,38.4495,38.8793,38.8714
15,53.1273,35.8910,33.3343
15,35.3734,45.2074,45.4632
15,50.3148,36.5063,30.8733
15,32.3851,47.3168,30.7854
15,36.7796,41.0766,39.9261
15,37.1312,40.9887,37.9925
15,33.0882,35.1000,43.1780
15,38.0101,42.2191,39.3987
15,39.6800,45.5590,43.0901
15,43.3714,47.9320,47.1331
15,38.8890,44.8559,42.5628
15,42.1409,48.1078,46.9573
15,38.8890,43.6254,43.5296
15,28.4300,47.5805,42.3870
15,34.7581,38.0883,38.2561
15,16.6526,34.2211,40.8050
15,23.5960,13.5668,40.2776
15,32.1214,33.5180,34.1253
15,36.6917,37.5609,38.6077
15,41.3499,23.3227,52.1429
15,34.3187,25.7836,48.0120
15,34.9339,39.9340,40.1897
15,29.1331,31.0570,56.9769
15,32.8245,50.6566,48.2757
15,50.6663,40.9008,45.3753
15,42.9319,47.7563,56.5374
15,50.4905,52.2387,52.7581
15,47.1507,30.7055,59.5257
15,46.6234,49.9535,53.1976
15,50.9300,53.7328,57.3284
15,48.9085,53.7328,56.5374
15,51.9847,54.5238,56.8890
15,52.8636,52.1508,55.9222
15,54.3577,52.0629,55.3948
15,56.3792,56.0180,57.2405
15,57.0823,58.6547,59.9651
15,53.3030,53.9086,55.9222
15,56.5550,55.4027,58.9983
15,55.1487,56.1059,59.4378
15,58.4007,56.9848,62.0745
15,61.6526,59.7973,63.3050
15,61.6526,60.9398,65.4144
15,61.8284,63.1371,66.2933
15,63.8499,60.3246,66.1175
15,66.9261,64.4555,68.4905
15,63.3226,60.8520,64.1839
15,59.6312,57.7758,59.8772
15,55.1487,62.1703,63.6565
15,54.2698,70.6078,49.1546
15,59.1038,63.4887,40.2776
16,39.4268,39.8312,39.9111
16,49.7101,45.0167,33.1436
16,41.1847,45.1046,28.1338
16,42.2393,35.7003,47.0303
16,39.6026,37.7218,39.7354
16,43.8214,40.3585,43.6904
16,42.4151,34.3820,48.4365
16,41.3604,37.8097,41.2295
16,41.7999,37.1066,45.8877
16,42.5030,40.0070,42.3721
16,43.6456,35.7882,48.6123
16,39.6905,30.2511,61.0928
16,24.6612,39.4796,57.3135
16,36.9659,38.6007,41.9326
16,34.0655,11.3546,49.5791
16,40.1300,39.3038,43.4268
16,42.7667,42.8195,47.7334
16,45.4034,37.0187,54.8525
16,49.7101,48.4445,51.6006
16,48.0401,46.7745,47.7334
16,51.2042,49.4991,52.1279
16,53.7530,51.9601,52.2158
16,53.3136,51.9601,54.0615
16,53.5772,51.9601,55.9951
16,49.2706,49.4991,53.0068
16,47.3370,49.7628,52.2158
16,49.0948,49.7628,52.2158
16,48.4796,51.2570,52.4795
16,45.1397,31.5695,60.2139
16,50.1495,51.3448,53.9736
16,50.5011,54.5968,56.0830
16,54.3683,57.4093,58.0166
16,54.6319,59.6066,58.1045
16,51.3800,65.5831,66.1904
16,59.2901,65.5831,62.0596
16,59.1143,63.1222,63.7295
16,57.5323,65.1437,64.6963
16,59.9054,67.5167,68.7393
16,62.5421,66.9894,68.8272
16,59.6417,63.5616,64.5205
16,59.5538,63.4738,66.5420
16,62.8936,67.3409,70.8486
16,63.5089,64.4406,70.6729
16,61.8390,61.1886,68.4756
16,65.0030,65.3195,71.1123
16,64.8272,67.4288,71.1123
16,60.9601,64.7921,69.3545
16,59.9933,61.7159,66.8936
16,59.9054,59.9581,65.2236
16,64.2120,63.6495,68.8272
16,68.4308,58.3761,70.9365
17,40.4798,40.6424,40.9104
17,16.4857,35.4568,53.4788
17,41.7103,41.0818,43.6351
17,25.7142,46.0037,45.7444
17,35.0306,37.7420,36.9554
17,42.6771,38.0936,28.1663
17,38.1946,40.2029,38.3616
17,12.3548,50.9256,28.0784
17,38.0189,41.0818,40.9983
17,37.8431,49.0799,41.5257
17,39.0735,42.2244,42.7561
17,43.7318,45.4764,46.3597
17,43.2923,43.7186,47.1507
17,45.7532,47.7615,49.2601
17,48.3900,50.7498,53.7425
17,49.6204,49.3436,52.5120
17,48.6536,46.2674,50.1390
17,55.3333,41.5213,48.0296
17,49.8841,46.9705,50.6663
17,46.8079,43.1912,56.8186
17,32.6575,35.9842,59.0159
17,42.3255,45.2127,44.1624
17,38.5462,40.8182,40.9104
17,27.6478,26.4041,47.2386
17,36.0853,43.4549,37.3069
17,39.0735,38.4451,38.3616
17,42.5013,42.4881,38.5374
17,38.1068,40.0272,39.0647
17,29.3177,47.0584,33.0882
17,42.1497,37.2147,18.7620
17,23.8685,49.1678,29.9241
17,25.5384,28.7772,45.5686
17,38.6341,38.2693,38.3616
17,31.2513,27.1072,41.4378
17,36.3489,36.7752,34.0550
17,32.8333,35.0174,42.4925
17,26.5931,33.6111,36.7796
17,32.4818,36.1600,31.0667
17,14.2005,40.8182,28.7815
17,25.8021,46.8826,25.7933
17,32.9212,34.3143,31.2425
17,22.0228,45.8279,24.3870
17,20.2650,28.6893,36.6038
17,33.6243,31.5897,10.3245
17,17.7161,34.5779,33.2640
17,30.6360,34.7537,36.3401
17,34.5911,38.2693,36.6038
17,27.6478,42.1365,45.8323
17,22.2864,42.5760,55.5882
17,44.5228,34.5779,53.3030
17,58.6732,31.9412,36.5159
18,41.6215,41.8773,41.8386
18,54.9809,38.8011,19.5144
18,48.0375,45.7444,45.2663
18,46.6313,42.6683,44.7390
18,46.8949,45.0413,44.6511
18,44.3461,40.9105,42.5417
18,40.0395,38.0980,38.6745
18,37.6664,43.8109,40.6960
18,43.4672,48.7327,12.9226
18,36.6117,37.0433,34.9831
18,30.2836,50.4026,36.2136
18,49.9711,36.1644,32.9616
18,28.9652,48.0296,37.8835
18,38.1938,55.3245,20.3054
18,43.6430,45.4808,44.2116
18,45.8402,47.3265,44.2116
18,51.2895,47.9417,21.3601
18,40.3031,39.2405,38.2351
18,52.6078,30.6273,37.9714
18,37.4027,45.3050,46.7605
18,41.8852,41.4378,46.4968
18,45.7523,46.0960,50.1882
18,45.6645,51.9847,48.8698
18,43.7309,45.9202,47.1120
18,44.5219,47.3265,50.4519
18,46.5434,50.6663,51.5944
18,48.5648,50.6663,53.3522
18,45.9281,50.0511,50.5397
18,31.1625,58.0491,57.5710
18,50.6742,54.1819,59.0651
18,52.7836,54.1819,59.1530
18,51.2895,51.3694,58.8894
18,55.2445,55.5003,63.2839
18,52.4320,54.9730,61.5261
18,56.9145,58.5765,64.9538
18,54.9809,58.4886,64.3386
18,51.2895,54.3577,59.2409
18,54.9809,58.9280,61.8776
18,59.3754,62.7073,65.2175
18,57.4418,57.3460,72.6003
18,49.6195,49.6116,72.2487
18,58.8481,62.0042,64.8659
18,61.4848,60.2464,73.3034
18,62.8910,62.1800,67.9421
18,53.0473,59.5433,76.2038
18,57.5297,61.0374,64.0749
18,56.4750,60.4222,61.5261
18,56.2992,58.9280,58.6257
18,60.6059,54.2698,54.1433
18,53.8383,56.2034,56.4284
18,55.0688,59.3675,57.4831
19,42.4977,42.8757,42.9785
19,29.6657,59.2234,31.8164
19,46.1013,47.7097,44.1211
19,42.1462,49.9948,38.4082
19,46.3649,37.2507,52.5586
19,46.2770,50.6980,53.5254
19,49.7927,50.6980,53.7012
19,40.6520,56.6745,56.1621
19,44.9587,38.6570,64.2481
19,46.2770,46.2155,48.2520
19,43.7282,48.4128,42.3633
19,51.0231,33.2077,52.5586
19,49.7048,49.4675,51.4160
19,51.0231,49.2038,51.4160
19,51.6384,34.2624,48.5156
19,41.8825,40.3269,42.0996
19,40.7399,39.3601,38.9355
19,44.2556,42.9636,43.9453
19,46.1891,37.5144,30.2344
19,44.0798,42.6120,43.4180
19,43.5524,40.0632,43.3301
19,40.9157,38.5691,39.3750
19,40.9157,38.5691,41.7480
19,45.8376,30.9226,33.9258
19,40.5641,41.6452,39.9023
19,41.1794,40.6784,40.6934
19,37.4880,31.0105,50.2734
19,41.8825,40.4148,41.6602
19,38.1911,38.3933,39.9902
19,33.7966,34.4382,35.8594
19,36.2575,35.1413,35.6836
19,28.9626,23.0124,48.4277
19,43.9040,35.3171,30.6738
19,35.0270,19.3210,41.9238
19,26.9411,23.5398,35.9473
19,30.1052,28.9011,41.3086
19,7.1657,46.2155,37.9687
19,19.2946,55.0925,32.7832
19,39.2458,55.6198,23.9062
19,48.8259,49.9070,39.9902
19,44.7829,48.0612,47.5488
19,41.2673,51.4890,58.0078
19,45.2224,60.4538,58.1836
19,60.6032,50.3464,56.9531
19,60.3395,56.1472,63.8965
19,59.8122,61.2448,60.9082
19,54.0114,73.8132,54.0527
19,56.9997,61.5085,58.5352
19,54.8903,57.7292,56.4258
19,54.5388,56.1472,53.8770
19,50.6716,51.9284,49.2187
20,43.5516,43.5946,43.8838
20,44.9578,52.1200,19.1865
20,44.6063,41.9247,41.5107
20,44.1668,39.2001,41.5107
20,37.7508,24.2587,45.9053
20,29.3133,24.0829,42.1260
20,40.7391,30.7626,17.6045
20,25.7977,25.3134,32.0186
20,30.6317,30.9384,29.1182
20,25.0067,42.0126,32.3701
20,33.9715,32.9598,31.6670
20,43.3758,25.7528,33.8643
20,43.5516,41.9247,9.8701
20,34.6746,32.6083,32.0186
20,30.6317,38.7606,32.0186
20,33.7078,33.6630,35.8857
20,38.2781,37.2665,40.1045
20,46.2762,18.2821,51.0029
20,37.3113,42.8036,49.4209
20,45.1336,36.1239,37.7314
20,22.2820,46.7587,41.9502
20,27.8192,26.0165,48.9814
20,47.9461,8.4384,38.9619
20,32.6531,33.6630,40.9834
20,39.6844,15.4696,49.5088
20,40.9149,40.5184,43.6201
20,31.9500,27.7743,48.1904
20,30.3680,28.3016,38.8740
20,32.3895,34.1024,31.9307
20,41.7938,20.8309,17.4287
20,27.2039,23.6434,40.9834
20,32.4774,37.9696,37.7314
20,36.7840,39.3759,40.8955
20,44.1668,30.4110,44.0596
20,38.3660,41.4852,41.9502
20,34.6746,43.2430,34.4795
20,45.8367,46.5829,16.8135
20,44.2547,46.2313,43.6201
20,55.0652,41.5731,22.1748
20,39.3328,39.6395,37.3799
20,44.3426,40.4305,37.3799
20,47.8582,47.0223,40.1045
20,55.0652,25.1376,38.6982
20,39.9481,40.2548,38.6982
20,42.0574,32.4325,29.2061
20,36.6961,35.6844,37.7314
20,29.7527,25.7528,42.5654
20,45.2215,30.3231,20.6807
20,48.3856,37.1786,24.6357
20,42.7606,41.6610,41.8623
20,39.1570,37.7938,39.8408
21,44.4797,44.9148,44.8541
21,46.9406,46.7605,48.7213
21,53.6203,22.3269,47.7545
21,38.1515,33.9284,51.3580
21,42.1066,33.7527,38.0865
21,40.3488,39.1140,37.7350
21,44.6555,42.6296,42.1295
21,52.8293,16.6140,36.5924
21,35.8664,33.8405,35.7135
21,40.6125,38.1472,40.0201
21,56.4328,30.1491,27.1002
21,45.3586,49.0456,16.4654
21,32.8781,46.9362,35.8893
21,46.9406,27.6003,39.3170
21,41.6672,45.5300,40.0201
21,39.6457,31.7312,42.7447
21,38.5031,37.6198,35.4498
21,41.2277,34.5437,14.6197
21,35.1633,26.2820,21.2994
21,13.3664,41.7507,28.2428
21,25.1437,45.2663,29.7369
21,28.1320,30.4128,46.7877
21,44.3039,32.9616,42.5689
21,44.0402,41.6628,43.1842
21,46.1496,45.2663,46.7877
21,46.5890,48.3425,47.9303
21,47.2043,51.0671,48.6334
21,38.6789,52.2976,45.3814
21,38.9426,50.1003,35.0982
21,50.2805,52.2097,25.2545
21,50.0168,40.2566,33.9557
21,37.6242,46.5847,47.3150
21,52.6535,47.7273,40.9869
21,49.9289,47.7273,44.5025
21,45.3586,44.4753,40.4596
21,49.9289,47.4636,43.7115
21,51.8625,51.3308,47.3150
21,47.7316,49.1335,45.1178
21,50.5441,51.4187,39.2291
21,33.8449,52.7370,41.3385
21,29.3625,39.1140,49.3365
21,45.7980,32.0827,51.0064
21,37.6242,50.6277,46.0846
21,43.2492,45.7937,46.2604
21,30.2414,55.9890,52.7643
21,50.1047,50.1003,53.7311
21,45.6223,49.6609,53.5553
21,59.5969,49.4851,44.8541
21,53.4445,53.5280,52.1490
21,57.4875,57.6589,55.0494
21,56.6965,62.7566,48.8092
22,45.3568,45.7506,45.6442
22,35.4252,31.5123,60.8493
22,45.1811,48.0357,49.0720
22,37.5346,54.7154,43.5349
22,37.5346,55.8580,24.1110
22,52.3002,38.8072,32.2849
22,49.2240,43.4654,46.6110
22,45.7963,45.7506,46.4353
22,44.9174,42.9381,46.6110
22,49.2240,45.7506,49.5114
22,54.8490,43.5533,50.1267
22,47.2904,43.0260,46.1716
22,47.8178,43.0260,56.8942
22,48.2572,49.3541,49.5114
22,28.1303,58.5826,36.4157
22,39.9955,53.9244,49.4235
22,54.9369,50.2330,50.7419
22,49.0482,50.2330,51.0935
22,48.2572,58.4947,40.5466
22,44.0385,46.8053,56.1911
22,48.4330,48.0357,52.4118
22,46.0600,43.9049,48.8083
22,49.3998,48.2994,52.9392
22,53.9701,51.3756,56.4548
22,58.1010,54.6275,60.7614
22,59.6830,57.7037,64.4528
22,57.4857,54.4518,60.2341
22,56.0795,56.2096,60.0583
22,54.0580,56.2975,57.4216
22,50.1908,62.7135,57.8610
22,57.1342,53.4850,52.2360
22,47.9936,59.4615,61.2888
22,56.6947,57.1764,48.9841
22,52.4760,52.2545,49.4235
22,54.7611,56.3853,51.9724
22,52.7397,54.5396,52.6755
22,48.3451,50.6725,50.2146
22,48.0815,58.2310,47.0505
22,53.7065,55.6822,52.2360
22,49.6635,51.0240,47.7536
22,53.9701,54.8912,51.1814
22,53.4428,55.4185,53.0271
22,50.4545,51.1119,49.4235
22,51.3334,51.1119,48.1052
22,51.3334,49.0025,48.1052
22,53.3549,52.6939,51.9724
22,50.8061,48.6510,49.5114
22,49.5756,45.9264,49.0720
22,53.0912,49.5299,53.5544
22,51.4213,50.1451,54.0817
22,52.1244,52.9576,55.4880
23,46.3535,46.5724,46.5803
23,25.7871,50.7032,55.4572
23,42.8379,57.5587,43.8557
23,37.3887,64.0626,49.7443
23,41.2559,64.5899,58.8850
23,55.3184,55.6251,58.3576
23,51.4512,59.7560,56.9514
23,54.4395,56.3282,53.7873
23,55.8457,59.8438,55.7209
23,60.4160,63.7989,59.3244
23,62.4375,61.8653,59.1486
23,66.7441,65.9083,62.8400
23,69.9082,67.1388,63.5432
23,67.9746,67.1388,63.7189
23,72.0176,69.1603,65.3889
23,74.3027,66.3478,65.2131
23,73.5117,63.8868,64.6857
23,68.8535,60.3712,60.5549
23,69.5566,63.0079,63.7189
23,70.5234,65.9962,60.7307
23,76.0606,54.2188,53.7873
23,67.0957,53.2520,56.0725
23,64.1074,57.6466,58.4455
23,65.1621,60.8985,60.1154
23,63.0527,60.9864,58.1818
23,66.4805,62.5685,61.3459
23,64.7227,62.5685,54.6662
23,64.7227,60.3712,40.2522
23,55.8457,60.9864,56.7756
23,62.7012,60.9864,61.1701
23,62.9648,60.9864,63.7189
23,65.0742,58.6134,65.3010
23,61.7344,62.7442,66.5315
23,65.4258,60.9864,62.5764
23,75.7090,53.8673,52.7326
23,66.3047,55.8888,61.5217
23,69.9961,58.6134,65.2131
23,70.2598,60.7227,65.5647
23,65.9531,57.1192,63.4553
23,65.7773,60.3712,63.8068
23,69.6445,62.2169,67.0588
23,72.7207,66.4356,70.8381
23,74.4785,60.9864,63.2795
23,68.0625,54.1310,64.9494
23,56.6367,49.6485,68.2014
23,66.7441,57.5587,61.5217
23,61.8223,47.9786,73.6506
23,60.8555,55.2735,62.4006
23,60.9434,53.4278,59.1486
23,64.1074,57.9102,62.4006
23,61.9980,53.7794,60.1154
24,47.1472,47.6956,47.4530
24,50.3112,26.6019,56.2421
24,48.6413,46.0257,57.2089
24,47.7624,57.3636,41.2128
24,51.4538,42.1585,44.6405
24,48.8171,46.3773,44.5526
24,53.3874,34.6878,39.7187
24,40.1159,32.2269,46.3104
24,39.2370,41.1038,42.0038
24,32.3815,36.9730,43.9374
24,38.0944,36.7972,35.7636
24,35.1940,26.0745,36.0272
24,35.5456,35.4788,36.1151
24,39.2370,39.7855,40.8612
24,39.9401,39.4339,39.6308
24,44.6862,43.5648,43.4979
24,51.5417,41.1038,47.3651
24,40.2917,51.8265,54.8358
24,49.3444,54.8148,52.0233
24,52.6843,55.8694,54.7479
24,53.9147,53.5843,54.5722
24,62.8796,49.8929,58.8788
24,54.8815,53.6722,53.3417
24,52.5085,50.5960,52.3749
24,55.3210,54.7269,56.1542
24,56.9030,54.7269,55.3632
24,53.2995,49.9808,51.8476
24,52.4206,49.9808,49.0351
24,56.1999,54.3753,52.1112
24,51.8054,51.2112,48.3319
24,54.5300,45.1468,38.2245
24,47.1472,45.0589,42.8827
24,52.2448,44.9710,35.4120
24,47.5866,49.7171,46.1347
24,47.5866,51.7386,46.0468
24,48.5534,52.3538,49.1229
24,50.3112,54.3753,52.9022
24,52.0690,54.3753,54.0448
24,56.1999,58.3304,58.0878
24,52.5085,65.3616,58.6151
24,56.1999,59.2093,50.7050
24,52.3327,66.2405,57.2089
24,53.2116,63.0765,48.1562
24,56.4636,60.5276,54.3964
24,60.7702,64.0433,58.5272
24,58.5729,63.9554,56.2421
24,60.1550,62.3734,55.8905
24,64.1979,66.0648,60.1972
24,59.9792,62.3734,55.5390
24,59.5397,62.3734,57.2089
24,56.7272,62.3734,55.8026
25,48.1772,48.3662,48.6334
25,42.2886,50.2998,37.9986
25,43.0796,46.6963,44.1510
25,47.4741,50.6514,48.6334
25,49.4956,54.3428,52.5006
25,54.0659,57.7705,56.0162
25,50.1987,56.0127,55.9283
25,50.8140,56.0127,54.2584
25,52.2202,54.8701,54.9615
25,51.8687,55.7490,53.7311
25,52.1323,55.7490,56.4557
25,48.6167,53.6396,53.2037
25,47.6499,51.7061,53.0279
25,49.1440,51.3545,54.0826
25,46.2437,50.7393,51.6217
25,50.1108,55.2217,55.3131
25,49.0562,54.0791,56.4557
25,51.9565,57.7705,58.1256
25,49.5835,55.6611,53.6432
25,46.5073,51.9697,49.1607
25,49.8472,54.7822,53.6432
25,39.6519,62.4287,38.6139
25,43.3433,45.8174,45.4693
25,46.5073,55.3096,44.3268
25,44.4858,46.7842,45.2057
25,44.0464,43.9717,42.9205
25,43.9585,46.2568,42.8326
25,48.3530,48.8057,45.9967
25,51.3413,52.8486,50.3033
25,47.4741,48.5420,45.8209
25,43.6069,53.3760,40.6354
25,44.7495,47.8389,43.6236
25,47.5620,47.8389,44.2389
25,46.9468,44.9385,43.9752
25,51.2534,48.6299,48.1061
25,58.0210,31.8428,40.3717
25,53.8022,50.0361,40.4596
25,50.1108,42.6533,39.4049
25,53.6265,52.4092,26.8365
25,50.9897,48.8057,45.9967
25,53.2749,52.8486,48.7213
25,54.8569,52.3213,49.8639
25,57.4058,56.6279,52.5885
25,58.9878,60.2314,55.4889
25,62.7671,64.4502,58.4771
25,65.4038,65.7686,61.9928
25,66.9858,68.0537,65.6842
25,70.7651,76.4912,62.6959
25,77.0054,79.6553,62.8717
25,73.7534,77.0186,70.7818
25,77.1812,80.1826,74.9127
26,49.1449,49.4930,49.4947
26,55.1215,54.1512,51.3404
26,67.6899,42.9012,49.3189
26,57.3188,52.6570,56.0865
26,54.1547,50.1961,55.2076
26,58.1098,54.1512,59.6900
26,57.6703,54.8543,58.1959
26,49.9359,53.4481,66.3697
26,63.3832,49.2293,66.7213
26,53.1000,60.3914,61.9752
26,61.2738,62.6766,63.6451
26,52.1332,65.3133,75.3346
26,65.9320,66.1922,66.4576
26,68.0414,66.1922,69.8854
26,70.5024,67.2469,72.1705
26,70.0629,68.7410,72.9615
26,67.2504,65.9285,75.0709
26,67.6020,63.5555,65.6666
26,72.9633,67.5106,68.3912
26,70.6781,67.5106,68.4791
26,72.6117,65.2254,59.2506
26,64.3500,63.9070,61.9752
26,61.8891,59.4246,59.0748
26,65.7563,62.4129,63.2057
26,64.2621,54.5906,64.6998
26,64.8774,57.0516,50.8131
26,56.7914,52.9207,53.5377
26,53.3637,48.3504,49.9342
26,62.3285,44.9227,52.1314
26,56.9672,46.5926,44.7486
26,53.1000,47.9109,49.9342
26,49.1449,45.4500,47.5611
26,51.9574,49.5809,51.5162
26,43.1684,44.3074,53.8893
26,42.7289,50.5477,38.5084
26,51.5180,49.3172,44.6607
26,55.2973,59.0731,30.5982
26,56.7914,55.2059,49.8463
26,64.5258,55.2938,45.7154
26,51.2543,67.0711,40.4420
26,51.2543,54.1512,50.2857
26,47.5629,50.6356,45.4518
26,47.7387,48.9656,44.7486
26,43.2563,45.6258,40.5299
26,47.6508,49.1414,43.1666
26,38.0707,57.6668,23.0396
26,37.1039,40.9676,35.6959
26,33.2367,40.7039,31.4771
26,35.1703,19.0828,36.8385
26,45.8051,27.8719,30.5104
26,39.1254,27.1688,26.0279
27,50.1935,50.4299,50.4026
27,59.0704,48.1448,30.8030
27,52.6544,53.5940,51.1936
27,58.7188,44.1897,43.6351
27,45.0958,53.5061,40.9983
27,22.5079,54.7366,46.1839
27,43.7774,47.0022,39.5042
27,42.0196,42.3440,39.5042
27,41.9317,44.8049,40.9104
27,43.3380,47.7053,44.4261
27,28.8360,56.7581,50.0511
27,44.4806,44.2776,49.7874
27,47.7325,47.3538,46.0081
27,43.6017,47.3538,50.3147
27,45.7989,46.1233,48.9085
27,32.8790,42.8713,52.4241
27,38.8556,42.6077,41.3499
27,41.8438,45.5081,46.0960
27,36.6583,49.0237,55.4124
27,45.5352,42.2561,46.5354
27,44.7442,47.4416,47.5901
27,42.8106,46.8264,44.4261
27,34.9005,48.8479,40.7347
27,38.2403,39.6194,38.0101
27,46.7657,36.5432,38.1858
27,42.1954,50.6936,16.1253
27,36.8341,37.0706,35.3733
27,41.7560,30.4788,14.9827
27,37.0099,37.0706,35.7249
27,38.2403,24.5901,41.4378
27,40.0860,42.5198,34.0550
27,39.4708,40.7620,41.7015
27,43.7774,45.1565,46.3597
27,47.9083,45.1565,41.7894
27,31.5606,47.7932,42.5804
27,41.3165,44.2776,44.9534
27,40.4376,43.7502,43.5472
27,48.0841,43.3108,49.0843
27,38.9435,57.1975,36.9554
27,50.3692,41.2893,37.1311
27,49.6661,52.0999,40.9983
27,47.3810,43.1350,40.2073
27,44.5685,43.3108,42.7561
27,47.0294,29.2483,47.5022
27,38.4161,37.8616,39.7679
27,40.4376,37.0706,38.0979
27,37.2735,37.5100,39.7679
27,37.4493,36.8069,37.2190
27,41.5802,40.4104,41.7894
27,44.2169,43.6624,46.1839
27,42.0196,42.5198,42.7561
28,51.0750,51.1998,51.2121
28,44.2195,37.4010,57.8039
28,43.7801,42.3228,46.0266
28,49.9324,34.2369,46.6418
28,39.3856,51.1998,37.6770
28,45.0984,47.5963,43.3020
28,47.3836,53.8365,39.6984
28,54.6785,56.5611,41.1047
28,59.0731,57.5279,50.5969
28,57.0516,57.5279,53.3215
28,59.7762,61.3072,55.3430
28,55.9090,56.9127,51.4758
28,58.5457,60.6920,55.5188
28,58.7215,63.7682,46.2023
28,55.0301,57.8795,54.2883
28,58.4578,59.4615,55.3430
28,57.1395,60.3404,55.3430
28,60.6551,64.8228,59.0344
28,62.6766,66.4049,62.8137
28,65.1375,67.1080,62.9016
28,64.2586,69.0416,63.0773
28,66.6317,72.2057,67.3840
28,68.3895,72.2057,70.1965
28,64.8738,68.6900,69.2297
28,68.5652,71.0631,70.9875
28,72.1688,74.0514,72.8332
28,68.3016,72.2057,71.6906
28,66.8074,74.6666,72.6574
28,67.9500,72.9967,71.9543
28,66.6317,69.7447,69.0539
28,64.2586,65.5260,65.2746
28,67.9500,69.9205,69.0539
28,71.3777,72.1178,70.3723
28,74.9813,74.5787,74.3274
28,75.2449,76.5123,75.3820
28,75.2449,78.4459,74.9426
28,77.7059,79.5006,75.0305
28,81.7488,82.4889,78.8098
28,148.9852,150.8678,143.4973
28,86.9344,87.7623,82.9406
28,86.5828,87.6744,84.6984
28,83.5067,85.7408,83.2922
28,83.5067,85.7408,85.1379
28,80.6942,83.8951,84.5227
28,83.6824,84.7740,86.1047
28,83.7703,83.6314,88.2141
28,87.1981,86.9713,92.0812
28,89.3953,89.0807,95.6848
28,142.3934,146.2975,150.4406
28,142.7449,147.5279,150.4406
28,90.1863,92.3326,95.0695
29,51.8994,52.6851,52.3046
29,62.7100,55.0582,46.5917
29,54.7998,56.9918,53.7108
29,50.6689,52.4215,48.9647
29,54.9756,55.5855,52.3925
29,53.8330,51.7184,50.1073
29,57.6123,55.6734,54.5897
29,54.2725,51.0152,51.3378
29,58.4033,50.1363,51.6894
29,56.1182,55.5855,57.1386
29,57.8760,54.7066,59.4237
29,54.9756,50.9273,54.9413
29,50.4053,47.6754,50.8983
29,48.5596,48.2027,50.1952
29,48.6475,51.0152,50.5468
29,51.8994,53.8277,55.0292
29,43.0225,50.7516,58.5448
29,58.5791,50.6637,53.3593
29,53.5693,53.2125,49.6679
29,53.5693,55.3219,50.1073
29,57.8760,58.6617,43.1640
29,54.7998,56.0250,53.8866
29,54.3604,58.8375,56.3476
29,54.0088,58.0465,53.5351
29,53.8330,56.5523,54.2382
29,50.3174,51.9820,50.7226
29,44.6045,45.0387,56.9628
29,48.4717,45.3902,45.6249
29,49.4385,45.3902,44.8339
29,50.3174,35.9859,45.4491
29,44.6924,40.8199,40.1757
29,45.6592,34.5797,39.9120
29,37.5732,37.2164,52.6562
29,48.9111,48.2027,48.5253
29,47.9443,48.2027,49.7558
29,49.7021,51.2789,50.6347
29,54.0967,55.4976,54.7655
29,49.7021,50.6637,50.4589
29,51.1084,54.2672,51.1620
29,50.0537,51.5426,47.2069
29,49.3506,52.8609,45.8007
29,49.1748,64.3746,36.3964
29,55.5908,57.7828,50.0194
29,59.1064,59.1012,52.9198
29,55.5029,55.0582,50.5468
29,53.9209,51.7184,46.9433
29,54.6240,50.6637,48.1737
29,50.2295,46.2691,44.7460
29,53.9209,43.7203,38.6815
29,50.7568,49.6090,44.4823
29,60.7764,48.0269,42.6366
30,53.2222,53.3496,53.2547
30,54.1890,55.1953,56.6824
30,56.1226,59.0625,59.2312
30,49.1792,64.0723,53.6062
30,44.7847,57.0410,53.8699
30,51.9038,51.2402,50.9695
30,55.5952,53.6133,52.8152
30,54.3647,62.3145,37.6102
30,52.4312,50.6250,49.7391
30,47.9487,46.4941,45.6961
30,52.5190,50.5371,49.6512
30,55.3315,53.2617,49.2996
30,50.4976,51.6797,53.1668
30,48.3003,60.9082,36.2039
30,54.4526,54.0527,51.9363
30,56.8257,57.3047,56.0672
30,52.8706,55.6348,53.5184
30,49.4429,50.8008,49.5633
30,52.0796,55.1953,53.4305
30,55.9468,59.7656,57.2098
30,56.9136,61.3477,60.5496
30,53.8374,58.3594,55.9793
30,57.8804,61.2598,58.2644
30,58.3198,58.0957,57.2098
30,54.2769,54.5801,54.6609
30,51.2007,51.2402,50.2664
30,48.2124,48.7793,49.1238
30,46.1909,45.0879,45.0809
30,46.4546,46.5820,47.9812
30,45.1362,45.0000,42.5320
30,47.0698,46.8457,48.5965
30,46.3667,44.3848,48.9480
30,51.1128,35.9473,58.1766
30,63.6812,35.8594,42.1805
30,55.8589,51.4160,53.5184
30,55.8589,54.1406,53.6062
30,64.5601,58.2715,41.0379
30,62.8901,59.5020,59.5828
30,67.6362,59.1504,55.8914
30,61.3081,55.7227,58.5281
30,63.3296,58.4473,54.3973
30,49.7065,65.6543,48.8602
30,55.0679,56.9531,57.4734
30,55.2437,55.0195,56.2430
30,48.2124,61.3477,60.9012
30,59.8140,60.3809,63.8894
30,59.2866,63.1055,66.5262
30,60.9565,62.1387,67.8445
30,59.1108,61.4355,64.7684
30,62.9780,65.4785,69.2508
30,66.7573,68.5547,73.6453
31,54.0378,54.4869,54.4887
31,44.8093,40.9518,65.2113
31,47.4460,48.5103,51.9398
31,47.1823,47.1041,48.5121
31,45.8640,53.4322,42.8871
31,35.7565,51.3228,41.1293
31,43.8425,47.7193,43.5023
31,36.8991,55.5416,44.5570
31,43.6667,43.6764,42.2719
31,41.4694,39.8971,40.0746
31,41.4694,34.5357,34.0980
31,33.9987,35.7662,34.9770
31,29.4284,46.0494,18.1898
31,27.4069,38.4029,41.4809
31,22.6608,33.6568,54.1371
31,42.4362,42.0064,47.5453
31,46.3913,45.1705,43.0629
31,47.5339,43.5006,44.2055
31,54.6530,47.8072,33.5707
31,44.2819,62.4850,32.0766
31,52.8952,50.7076,48.7758
31,56.7624,54.8385,52.0277
31,59.8386,57.2994,56.1586
31,61.4206,60.3756,57.0375
31,57.9050,58.7057,54.3129
31,56.7624,55.3658,51.5883
31,55.6198,56.7721,54.3129
31,48.5886,59.5846,54.9281
31,53.5104,53.1685,52.0277
31,50.9616,63.9791,50.7094
31,57.6413,58.0025,54.3129
31,53.5983,55.9810,51.4125
31,54.3015,64.7701,46.2270
31,65.8151,55.4537,52.6430
31,62.9147,61.8697,59.7621
31,64.1452,62.8365,62.9262
31,65.1120,60.6393,64.4203
31,66.8698,61.5182,67.6723
31,66.8698,61.5182,65.2992
31,63.7057,57.4752,63.4535
31,60.7175,56.2447,60.5531
31,61.4206,56.2447,58.9711
31,65.1999,58.8814,62.8383
31,62.5632,58.8814,62.8383
31,65.8151,60.1998,65.9145
31,64.5847,60.3756,63.8930
31,64.1452,57.6510,65.1234
31,65.3757,61.1666,66.1781
31,62.0358,57.2994,61.0805
31,66.9577,54.2232,66.2660
31,60.1022,58.7935,62.3109
32,54.9765,55.0265,55.1566
32,57.4374,57.3996,55.8598
32,60.1620,57.0480,57.7055
32,57.5253,55.4660,54.4535
32,56.5585,57.2238,56.7387
32,58.0526,61.0031,58.3207
32,60.6894,64.7824,62.5395
32,62.0956,63.7277,64.1215
32,66.1386,72.1652,52.3441
32,75.1913,59.6848,56.2992
32,63.2382,68.4738,61.7484
32,67.7206,69.0891,68.0766
32,70.6210,70.3195,68.8676
32,69.3905,67.1555,65.2641
32,73.4335,70.9348,69.4828
32,75.8066,69.8801,71.6801
32,75.8066,68.8254,72.7348
32,72.2909,65.8371,70.7133
32,68.4237,61.6183,67.9008
32,70.5331,63.3762,71.5043
32,73.9608,68.0344,75.0199
32,78.0038,71.2863,77.9203
32,79.6737,70.7590,80.7328
32,78.7069,72.6047,80.9965
32,74.5761,70.6711,79.2387
32,78.0038,73.2199,82.6664
32,79.7616,71.4621,82.5785
32,79.2343,71.7258,79.9418
32,80.1132,74.0988,79.8539
32,81.2558,74.9777,79.4145
32,83.1015,73.0441,77.3051
32,81.5194,74.7141,79.5023
32,78.0038,72.1652,76.3383
32,77.8280,72.1652,69.1313
32,69.5663,66.9797,76.0746
32,72.1151,65.6613,64.1215
32,65.0839,61.2668,64.6488
32,66.4901,55.5539,53.9262
32,63.7655,57.9269,65.7035
32,64.6444,61.6183,67.1977
32,63.4140,49.2258,66.4066
32,51.8124,50.5441,64.2973
32,52.8671,50.5441,54.8930
32,55.5038,50.5441,55.6840
32,57.8769,52.1262,55.4203
32,54.4491,49.7531,54.8051
32,58.4042,53.8840,57.8812
32,60.3378,56.0812,62.0121
32,70.1816,45.7980,56.1234
32,63.3261,59.5090,60.3422
32,60.7773,59.4211,60.5180
33,55.8853,56.3959,56.0443
33,54.9185,54.4623,52.3529
33,57.2036,54.3744,52.7924
33,64.2349,38.3783,45.7611
33,53.6001,36.3568,50.9467
33,52.0181,49.7162,50.3314
33,47.8872,46.9037,48.1342
33,49.2935,50.6830,50.9467
33,45.8657,49.8920,51.0346
33,50.5239,53.7592,55.1654
33,46.8325,49.3647,50.9467
33,34.0005,46.2885,53.8471
33,39.3618,44.0912,41.8939
33,41.7349,44.7943,44.3549
33,46.3052,48.3979,48.2221
33,42.1743,43.7397,44.0033
33,39.8013,40.1361,39.9603
33,53.6880,32.1381,22.2064
33,40.9438,52.9682,15.0873
33,38.6587,44.0912,40.0482
33,42.3501,48.3979,43.1244
33,38.9224,43.7397,38.6420
33,31.0122,51.2982,41.1908
33,49.1177,36.7963,41.7182
33,43.0532,45.1459,45.0580
33,37.8677,50.6830,41.1029
33,45.4263,49.7162,49.1889
33,45.6899,46.4643,44.6186
33,45.6021,42.5092,54.1986
33,39.9771,26.1615,55.6049
33,47.8872,37.7631,38.5541
33,43.9321,45.4096,40.4877
33,43.8442,53.4955,32.5775
33,46.3931,51.3861,46.5521
33,45.1626,48.4857,42.2455
33,46.6567,48.4857,52.9682
33,52.1060,27.3920,51.5619
33,52.3696,47.8705,47.6947
33,51.8423,54.1107,53.1439
33,50.5239,31.9623,54.9896
33,51.3149,52.9682,50.3314
33,55.7974,56.4838,53.6713
33,55.8853,58.8568,54.0228
33,52.7212,62.3725,55.0775
33,44.8110,58.1537,67.9096
33,52.4575,58.1537,54.3744
33,44.5474,71.7768,52.9682
33,59.6646,66.9428,59.6478
33,55.8853,62.1967,55.7807
33,55.3579,62.8119,53.7592
33,55.3579,59.9994,52.1771
34,56.9988,57.0410,56.9804
34,55.1531,53.3496,56.4530
34,55.0652,57.7441,59.0019
34,57.1746,56.3379,60.2323
34,58.4930,59.4141,63.5722
34,58.5809,60.2051,62.0780
34,59.1961,63.2812,64.3632
34,63.6785,67.3242,68.4062
34,65.7000,71.1035,70.7792
34,69.2156,74.2676,75.1737
34,66.0516,70.8398,74.2069
34,64.8211,68.2031,71.0429
34,61.3934,63.7207,67.7909
34,64.4695,67.8516,71.1308
34,60.6902,65.8301,68.2304
34,57.6141,62.7539,63.4843
34,56.0320,58.7109,60.5839
34,53.1317,54.5801,56.3651
34,57.0867,58.7109,59.5292
34,62.0965,66.6211,52.9374
34,61.2176,60.2051,58.6503
34,59.8992,57.2168,57.5956
34,63.3270,49.3945,57.3319
34,54.7137,64.2481,52.8495
34,55.6805,58.8867,58.2108
34,53.6590,56.5137,53.8163
34,53.6590,55.2832,54.9589
34,45.4852,68.9941,50.8280
34,55.5047,60.3809,55.2226
34,51.5496,56.3379,52.4101
34,51.1102,54.3164,49.3339
34,43.6395,68.5547,47.3124
34,58.7567,57.7441,52.3222
34,59.2840,50.5371,64.7147
34,65.1727,61.9629,59.7929
34,62.5359,71.8066,62.8690
34,67.8094,57.6562,67.0878
34,59.1961,66.9727,72.6249
34,66.7547,69.2578,65.8573
34,69.5672,66.9727,55.7499
34,67.0184,64.6875,62.7812
34,69.5672,65.9180,66.2089
34,67.5457,65.9180,66.2968
34,63.8543,61.7871,63.3964
34,61.6570,57.9199,60.2323
34,59.2840,57.9199,57.5956
34,56.9109,54.0527,56.9804
34,54.0106,54.0527,53.9921
34,52.0770,54.7559,53.2890
34,56.2957,59.2383,57.0683
34,56.1199,55.1953,59.0019
35,57.8558,58.1836,58.1273
35,61.0198,59.3262,60.2367
35,64.2718,61.2598,64.1039
35,61.9866,59.4141,65.5102
35,64.2718,59.3262,65.9496
35,60.2288,56.6895,63.6645
35,60.4046,59.7656,64.6313
35,60.4925,56.6016,63.8402
35,58.9984,58.2715,62.8734
35,56.0980,56.0742,74.8266
35,58.3831,58.9746,63.3129
35,60.4046,57.6562,64.4555
35,56.7132,53.3496,59.5336
35,58.2952,57.3047,61.7309
35,59.7894,60.0293,65.2465
35,62.6019,60.7324,66.0375
35,60.9319,61.5234,66.0375
35,57.0648,59.4141,62.9613
35,54.8675,59.4141,59.7973
35,46.6058,69.6973,61.1156
35,56.8890,59.3262,61.9066
35,55.3069,56.6895,62.0824
35,58.2073,58.8867,62.0824
35,61.9866,63.0176,66.3012
35,58.1194,61.4355,63.6645
35,53.9886,57.3926,58.8305
35,51.8792,55.7227,55.0512
35,53.4612,54.7559,49.1625
35,48.8909,51.8555,50.2172
35,39.1351,55.2832,56.4574
35,52.3187,52.1191,56.5453
35,51.4398,54.0527,59.2699
35,43.0901,55.6348,64.0160
35,51.3519,56.5137,59.1820
35,47.9241,52.9980,53.9965
35,50.5609,54.7559,57.6879
35,51.0003,56.6895,57.5121
35,52.3187,56.0742,59.4457
35,46.2542,53.2617,62.9613
35,50.5609,51.1523,53.9086
35,39.6624,48.3398,67.7074
35,48.2757,53.4375,56.5453
35,50.6487,53.0859,57.8637
35,48.8909,53.9648,55.3148
35,46.0784,51.7676,50.4809
35,49.9456,56.1621,54.6996
35,38.6956,53.5254,66.7406
35,50.7366,51.4160,56.4574
35,59.0862,54.7559,55.4906
35,54.2523,54.7559,55.1391
35,50.2093,50.3613,51.4477
36,58.8102,58.9122,58.9605
36,53.1852,44.4981,69.4195
36,40.7927,46.8712,66.7828
36,58.5466,46.9591,60.7184
36,46.2419,51.7931,57.4664
36,49.3181,51.8810,52.8961
36,53.8005,55.8360,56.9391
36,56.9645,57.8575,60.9820
36,60.1286,58.8243,61.8609
36,64.4352,62.6036,66.1676
36,62.9411,61.1974,68.9801
36,60.8317,63.4825,62.5641
36,57.4919,59.7911,57.9938
36,53.5368,58.2091,54.5660
36,53.0974,56.4513,51.3141
36,56.1735,60.7579,54.9176
36,57.5798,60.8458,57.4664
36,55.2946,58.3849,58.1695
36,53.9763,59.1759,55.5328
36,55.1188,59.2638,57.9059
36,54.4157,59.2638,55.0934
36,58.2829,62.0763,49.4684
36,56.7888,58.1212,54.0387
36,54.2399,53.8145,51.1383
36,53.0095,63.1310,36.2848
36,52.5700,53.1993,50.6109
36,56.8766,57.2423,54.3023
36,54.2399,53.7267,53.6871
36,58.5466,57.5938,57.7301
36,63.0290,53.1993,59.5758
36,59.6891,58.8243,61.0699
36,61.7985,62.8673,63.9703
36,69.7087,66.7345,60.2789
36,65.9294,65.5919,66.9586
36,64.6989,66.5587,64.8492
36,66.5446,69.1954,68.7164
36,68.8298,58.5606,64.4977
36,57.3161,68.4044,62.9156
36,69.2692,67.3497,57.4664
36,59.9528,63.4825,60.2789
36,62.4138,64.3614,64.0582
36,53.2731,63.6583,61.8609
36,53.0974,62.6915,49.4684
36,47.8239,59.3517,63.7945
36,54.3278,60.4942,58.1695
36,54.6794,59.4395,60.0152
36,58.0192,64.0978,63.8824
36,53.8005,60.7579,59.7516
36,51.6032,57.3302,58.1695
36,51.6911,54.7813,57.7301
36,47.4724,51.7052,53.2477
37,59.7647,59.8579,59.8438
37,68.1144,44.3013,62.1290
37,65.8292,62.4067,64.5021
37,66.0050,60.0337,61.4259
37,68.2901,60.9126,64.3263
37,70.8390,64.3403,68.5450
37,67.6749,63.1978,66.8751
37,68.3780,60.0337,72.2364
37,76.5519,66.2739,64.0626
37,75.8487,71.1958,72.6759
37,73.1241,73.3931,73.3790
37,76.0245,76.8208,77.5099
37,75.4093,73.9204,80.0587
37,75.4972,73.9204,76.9825
37,73.0362,74.5356,77.4220
37,74.3546,77.4360,80.5860
37,71.5421,75.5024,76.8067
37,74.5304,77.8755,80.8497
37,149.4132,151.0884,153.6231
37,79.1007,78.4028,81.1134
37,81.9132,79.6333,83.2228
37,84.3741,76.7329,83.7501
37,88.1534,78.8423,87.0899
37,92.1964,82.2700,89.9903
37,90.7901,82.2700,87.7931
37,93.8663,81.9185,89.5509
37,94.3936,80.9517,87.7052
37,97.0304,83.1489,86.6505
37,100.1065,86.6646,90.6935
37,104.0616,90.0923,94.1212
37,105.3800,91.4985,97.1974
37,103.0069,89.5649,98.1642
37,105.2042,93.3442,101.4161
37,101.3370,89.3892,98.4278
37,156.7960,144.4087,155.5567
37,158.1143,144.0571,157.2266
37,160.3995,142.7388,158.5450
37,158.2901,142.9145,156.2599
37,158.9054,143.2661,155.3809
37,101.6886,88.7739,97.9884
37,158.9054,145.2876,152.9200
37,147.7433,133.9497,140.0880
37,157.7628,144.4087,153.0079
37,158.0265,144.4087,152.6563
37,151.6983,140.1020,150.2833
37,95.0089,86.4888,93.9454
37,91.2296,82.5337,90.8692
37,89.4718,81.5669,90.7813
37,86.5714,80.5122,87.7052
37,86.9229,79.5454,86.1231
37,87.3624,78.2271,86.2110
38,60.3009,60.4582,60.6419
38,44.1290,67.6652,58.4446
38,52.5665,54.1301,65.9153
38,52.5665,53.1633,55.5442
38,46.1505,57.9973,51.5892
38,53.4454,56.3273,54.5774
38,57.2247,58.1730,57.2142
38,58.8946,62.2160,60.0267
38,54.7638,57.9094,56.2474
38,51.6876,55.8879,51.7649
38,53.7091,58.7004,55.5442
38,51.2481,55.4484,54.4017
38,51.5118,55.4484,52.8196
38,46.5020,58.7883,51.5013
38,52.7423,56.4152,53.6106
38,55.7306,59.7551,54.9290
38,53.0938,56.3273,54.2259
38,45.1837,62.6555,36.2083
38,57.9278,53.9543,45.7005
38,55.0274,56.3273,53.6985
38,57.5763,59.4035,54.8411
38,57.2247,60.2824,57.0384
38,58.7188,63.6223,60.0267
38,60.9161,63.6223,61.8724
38,60.0372,60.5461,58.7962
38,63.0255,64.8527,62.5755
38,65.8380,65.8195,63.3665
38,68.3868,69.1594,67.7610
38,74.4513,68.7199,69.9583
38,71.9903,69.5988,80.0657
38,73.3966,72.5871,75.7591
38,75.8575,72.5871,76.5501
38,71.9024,69.5109,72.4192
38,75.3302,71.7961,75.9349
38,76.6485,73.2023,75.4954
38,78.8458,75.8391,79.4505
38,80.6915,75.8391,81.2962
38,77.8790,74.4328,81.8235
38,81.0431,76.2785,82.3509
38,84.3829,78.7394,86.0423
38,85.8770,80.5851,85.7786
38,84.2950,79.0031,87.1849
38,80.6036,76.4543,85.5150
38,83.6798,79.8820,89.6458
38,80.8673,76.0148,88.6790
38,80.6915,78.4758,90.8763
38,83.9435,81.0246,94.5677
38,87.7228,84.4523,97.2923
38,145.2911,141.1418,156.3548
38,85.0860,82.0793,95.0950
38,143.9727,140.9660,156.0911
39,61.1666,61.6816,62.0007
39,59.4967,71.7891,47.6745
39,60.5514,60.8027,56.5515
39,61.2545,64.1426,59.0124
39,60.1998,64.8457,59.6276
39,63.7154,67.9219,64.0222
39,63.8912,66.7793,60.9460
39,67.1432,67.7461,63.2312
39,62.8365,63.0000,58.7487
39,64.7701,64.4063,57.7819
39,69.0768,67.9219,61.3855
39,70.4830,71.3496,64.6374
39,72.3287,69.4160,66.1315
39,70.1314,69.4160,65.2526
39,71.5377,68.8008,65.4284
39,73.8228,72.4043,68.6804
39,74.3502,80.3145,62.3522
39,77.8658,74.7773,71.3171
39,75.2291,70.9102,69.5593
39,78.7447,73.9863,71.6687
39,82.7877,77.5020,74.6569
39,82.9635,77.5020,76.6784
39,79.0963,73.3711,71.9323
39,76.9869,74.7773,69.9108
39,81.1178,77.9414,73.1628
39,84.4576,78.8203,73.8659
39,87.2701,82.7754,77.2937
39,89.9947,82.1602,79.1394
39,152.5728,142.6289,140.4870
39,88.9400,79.7871,78.4362
39,86.0396,76.2715,76.7663
39,81.9967,72.1406,72.8991
39,79.0084,69.7676,68.5925
39,75.7564,68.0977,65.8679
39,72.6803,64.2305,64.0222
39,74.9654,67.0430,67.8894
39,78.9205,68.5371,63.3190
39,77.8658,70.3828,70.2624
39,75.0533,69.1523,69.0319
39,72.9439,69.5039,65.6921
39,74.3502,72.9316,68.2409
39,77.2506,77.0625,71.2292
39,75.9322,73.3711,68.5046
39,77.3385,73.3711,70.3503
39,80.3268,77.5020,73.2507
39,83.8424,79.0840,76.2390
39,80.6783,77.6777,72.9870
39,82.9635,78.8203,75.5358
39,82.2603,79.8750,74.1296
39,152.6607,149.9238,142.3327
39,153.8912,152.4727,144.4421
40,62.4182,62.3373,62.4120
40,69.1857,57.1518,68.8280
40,63.4728,64.2709,65.9276
40,65.8459,63.8315,67.2460
40,68.6584,66.2045,66.9823
40,73.0529,69.2807,70.3222
40,75.7775,68.3139,72.7831
40,78.2385,72.3568,75.1562
40,77.5353,71.5658,72.6952
40,80.7873,72.7084,74.6288
40,83.2482,76.0483,75.5956
40,81.7541,76.3998,75.5956
40,85.8850,78.8608,78.4960
40,87.6428,81.8490,81.8358
40,85.9728,78.8608,82.4511
40,81.5783,75.5209,78.2323
40,78.8537,72.7084,77.3534
40,85.1818,67.2592,70.5858
40,75.9533,70.6869,70.6737
40,73.4924,70.0717,71.9921
40,73.1408,64.0072,78.6718
40,82.5451,62.6010,79.1112
40,82.1057,61.7221,69.0917
40,71.5588,66.2045,67.3339
40,72.0861,63.3920,66.6308
40,69.1857,62.1615,63.1151
40,64.7912,58.7338,59.7753
40,67.6916,63.0404,63.2909
40,71.7346,66.7318,66.0155
40,71.2072,65.5014,63.1151
40,69.0978,65.1498,63.8183
40,67.7795,65.7650,61.7089
40,71.8225,69.9838,65.7519
40,68.3068,68.7533,64.9608
40,71.6467,70.3354,66.2792
40,73.8439,73.3236,70.4980
40,76.3928,77.3666,73.0468
40,72.3498,74.2025,70.4980
40,75.0744,76.2240,74.5409
40,75.2502,76.2240,76.7382
40,70.6799,72.4447,74.0136
40,69.4494,72.3568,75.2440
40,64.7912,69.0170,71.5526
40,68.0432,71.6537,72.3437
40,68.2189,72.7963,71.6405
40,65.0549,70.5111,70.9374
40,69.0978,72.9721,74.1894
40,70.0646,75.7846,76.9140
40,70.5920,73.4994,73.5741
40,72.0861,74.5541,76.7382
40,75.6896,76.7514,78.2323
41,62.7733,63.1239,63.4605
41,56.5330,61.8056,57.7477
41,59.4334,60.9267,57.6598
41,59.4334,58.4657,55.4625
41,54.7752,54.8622,51.5953
41,65.3221,53.5439,49.7496
41,59.2576,57.7626,59.3297
41,63.4764,60.8388,62.1422
41,66.5526,61.8056,63.6363
41,68.7498,65.7607,66.9762
41,68.8377,67.6942,67.0641
41,72.8807,52.6649,66.1852
41,65.0584,61.5419,64.2516
41,60.8397,57.4989,59.5055
41,64.2674,61.6298,62.0543
41,68.2225,66.0243,65.3941
41,70.6834,57.0595,61.0875
41,63.3006,59.9599,59.5055
41,65.9373,63.6513,63.5484
41,68.4861,63.7392,67.9430
41,66.4647,64.3544,62.7574
41,63.2127,61.1024,61.7027
41,60.5760,58.0263,60.4723
41,57.4998,56.6200,56.6930
41,58.9940,56.0927,56.5172
41,62.8611,60.4872,60.2965
41,60.3123,56.9716,55.9020
41,59.1697,59.6083,55.1988
41,55.7420,56.2685,50.8922
41,58.2029,59.6962,54.9352
41,59.6092,58.3778,53.7047
41,61.7186,62.3329,55.9020
41,64.3553,65.4091,60.2965
41,65.4979,68.7489,61.8785
41,66.9041,72.0009,63.2848
41,64.7947,68.2216,59.5934
41,67.7830,72.4403,62.5816
41,70.9471,76.2196,66.9762
41,71.5623,73.2314,67.4156
41,73.7596,73.6708,66.0973
41,75.0779,77.0985,68.6461
41,71.4744,74.0224,63.4605
41,70.5076,76.2196,65.6578
41,74.5506,80.0868,69.5250
41,71.3865,76.6591,68.2945
41,75.0779,79.8232,70.6676
41,75.6932,80.6142,73.2164
41,79.4725,83.6025,75.3258
41,75.7811,79.4716,71.4586
41,73.3201,79.4716,69.6129
41,76.3084,83.3388,72.5133
42,64.0424,64.3711,64.5917
42,50.5072,65.2500,64.9433
42,62.5482,65.9531,65.2948
42,62.8119,67.0957,67.4042
42,63.0756,64.9863,64.5917
42,67.1186,67.0078,67.6679
42,69.5795,70.6992,69.8651
42,65.2729,66.8320,65.3827
42,63.0756,65.3379,65.2948
42,64.7455,64.6348,65.6464
42,66.0639,63.9316,65.2069
42,63.1635,69.5566,64.1522
42,67.6459,69.9961,65.6464
42,68.9643,71.8418,62.4823
42,60.7904,67.1836,64.0644
42,68.8764,54.1758,63.0097
42,61.5815,66.8320,56.2421
42,58.3295,60.8555,53.1659
42,56.1322,58.3945,54.4843
42,55.2533,57.8672,51.6718
42,54.2865,54.7031,49.5624
42,56.8354,54.7031,49.3866
42,55.3412,51.3633,48.2440
42,68.0854,48.8145,39.8065
42,60.7904,59.1855,55.0995
42,57.6264,56.9004,50.9687
42,57.7143,55.4941,51.5839
42,54.5502,51.0996,49.3866
42,61.8451,45.8262,29.8749
42,52.4408,42.6621,49.2108
42,51.4740,46.8809,32.7753
42,58.4174,31.8516,42.6190
42,51.1225,51.1875,50.4413
42,48.4857,50.8359,50.4413
42,44.7943,48.0234,48.5956
42,44.0033,49.3418,46.8378
42,40.1361,46.5293,42.2675
42,39.6088,46.8809,37.5214
42,38.4662,44.7715,38.6640
42,42.7729,47.8477,42.8827
42,41.1908,47.8477,43.6737
42,27.6557,59.9766,49.0351
42,44.0912,58.4824,52.7265
42,44.9701,42.6621,55.5390
42,44.0033,54.0000,41.0370
42,47.0795,50.5723,46.0468
42,48.1342,33.9609,44.7284
42,41.8061,47.3203,43.8495
42,46.2885,51.0996,47.3651
42,59.1205,38.0918,44.2890
42,52.2650,39.7617,40.5097
43,64.9160,65.0197,65.0575
43,76.6934,60.4494,56.1806
43,65.2676,62.8224,64.7060
43,63.1582,62.8224,72.3524
43,69.8379,68.4475,72.2646
43,75.8145,64.2287,73.5829
43,73.4414,71.4357,77.2743
43,76.1660,70.9084,79.1200
43,79.0664,74.4240,80.8778
43,81.3516,73.4572,80.7021
43,78.8906,73.0178,81.0536
43,79.1543,73.6330,83.7782
43,78.3633,71.0842,84.6571
43,80.5606,75.3029,87.4696
43,81.9668,78.5549,88.4364
43,85.3066,68.0080,85.5360
43,82.4063,80.0490,86.5028
43,82.4941,76.9728,84.2177
43,86.2734,79.3459,86.9423
43,83.0215,77.3244,83.8661
43,79.7695,76.0939,83.1630
43,81.7910,79.7853,84.7450
43,83.5488,80.4885,84.7450
43,83.8125,77.0607,82.7235
43,81.0879,77.5881,82.3720
43,83.9004,81.1037,84.1298
43,87.0645,84.3557,86.5028
43,155.1797,150.8010,152.4208
43,95.3262,91.0353,94.7646
43,155.0039,150.8889,151.7177
43,158.3437,148.6037,155.6728
43,94.7109,85.5861,95.2919
43,92.3379,87.0803,96.1708
43,94.0957,90.3322,97.4013
43,90.2285,88.0471,95.0282
43,86.5371,85.6740,91.3368
43,84.4277,82.8615,87.2939
43,80.5606,83.6525,86.1513
43,78.1875,82.4221,87.9091
43,80.2969,82.2463,86.2392
43,149.9062,153.2619,152.9481
43,77.4844,80.6642,82.5478
43,81.0000,82.9494,84.9208
43,81.6152,82.9494,86.9423
43,77.8359,78.9064,82.9872
43,80.6484,81.8947,86.7665
43,77.4844,78.0275,82.8114
43,73.3535,75.3908,79.2079
43,76.2539,77.2365,82.7235
43,75.9023,73.3693,80.7021
43,70.5410,76.0060,70.1552
44,65.8986,66.2458,66.3724
44,64.1408,54.4684,76.7435
44,64.4045,66.1579,66.0208
44,74.7756,55.0837,66.4603
44,67.5685,63.9606,64.6146
44,68.3596,61.4997,65.7571
44,64.8439,60.0934,64.0872
44,68.7990,64.3122,68.1302
44,70.2053,62.2028,67.8665
44,74.0725,65.9821,72.0853
44,73.4572,65.5427,69.5364
44,69.5021,63.5212,65.8450
44,71.8752,63.5212,67.1634
44,69.8537,64.3122,67.9544
44,71.1721,67.7399,68.6575
44,68.3596,64.2243,63.8235
44,70.4689,68.4431,66.3724
44,67.5685,68.5309,64.8782
44,69.8537,71.8708,68.4817
44,69.5021,73.3649,69.4485
44,68.1838,74.1559,70.0638
44,70.3810,77.1442,70.8548
44,66.8654,73.0134,67.1634
44,68.7990,75.4743,70.8548
44,72.4025,79.9567,74.2825
44,74.3361,82.0661,74.2825
44,74.3361,81.0993,76.4798
44,73.4572,79.7809,73.3157
44,77.1486,83.9118,76.3919
44,76.8850,81.6267,73.1399
44,77.2365,79.9567,74.1067
44,73.2814,75.4743,71.0306
44,70.9084,72.4860,69.6243
44,73.6330,72.9255,70.7669
44,70.1174,71.1677,67.1634
44,67.4807,73.5407,58.1985
44,74.1603,73.6286,64.2630
44,74.7756,74.5954,70.0638
44,73.6330,74.5954,71.2063
44,73.5451,76.0895,70.5032
44,77.0607,77.5837,72.4368
44,75.0392,76.8806,70.8548
44,77.7639,79.2536,71.8216
44,74.9514,75.4743,67.9544
44,73.9846,73.1892,67.6028
44,75.8303,73.1013,68.8333
44,75.9182,70.6403,67.4271
44,76.1818,68.8825,65.6692
44,73.1057,65.3669,63.8235
44,69.2385,63.7849,61.1868
44,68.7990,60.8845,59.1653
45,66.7978,66.9779,67.2442
45,58.5360,77.4369,58.1915
45,64.8642,68.2963,63.2892
45,63.7216,68.2963,64.2560
45,66.7978,71.6361,68.5626
45,68.3798,71.6361,68.2989
45,64.5126,67.9447,63.7286
45,65.6552,69.1752,62.1466
45,67.7646,68.4721,63.2892
45,64.4247,64.0775,59.9493
45,65.9189,66.7143,63.7286
45,58.6239,67.8568,59.1583
45,62.4911,56.9584,69.2657
45,58.9755,59.5951,61.0040
45,60.3817,62.7592,63.7286
45,61.4364,61.7924,61.1798
45,60.2060,62.6713,59.3341
45,61.2607,64.5170,62.5860
45,60.2939,60.8256,60.3009
45,60.4696,63.8139,62.4981
45,58.6239,60.2982,59.0704
45,61.8759,64.7807,62.4103
45,58.3603,60.4740,59.2462
45,55.0204,65.6596,63.9923
45,58.0087,58.8920,58.8067
45,55.9872,66.0111,61.0919
45,65.5673,64.6928,64.7833
45,67.1493,66.9779,68.2110
45,69.5224,70.6693,69.7931
45,65.6552,68.0326,67.7716
45,65.4794,66.1869,68.4747
45,65.4794,63.8139,68.0353
45,62.2274,60.0346,63.6407
45,63.9853,60.0346,63.0255
45,68.0282,63.9897,66.1896
45,68.2919,63.9897,67.8595
45,64.0732,61.0014,64.3439
45,60.9970,56.8705,60.0372
45,63.8095,59.6830,60.1251
45,65.4794,58.4525,59.8614
45,68.4677,60.0346,63.2892
45,71.2802,61.7924,63.7286
45,75.5868,65.3959,67.5958
45,78.6630,69.1752,69.7931
45,79.1903,72.2514,71.0235
45,83.3212,75.8549,74.5392
45,85.0790,79.2826,76.6485
45,86.1337,80.8647,76.7364
45,86.2216,82.4467,78.2306
45,87.8915,82.3588,78.2306
45,90.5282,81.3041,77.4396
46,67.8094,68.1152,68.2102
46,61.5692,69.3457,60.6516
46,64.6453,63.2812,63.4641
46,63.2391,61.6992,63.8156
46,61.9207,57.8320,61.3547
46,61.9207,57.2168,58.5422
46,61.3055,56.3379,60.1242
46,60.1629,57.5684,58.1027
46,63.0633,60.6445,59.0695
46,63.5906,63.7207,60.1242
46,62.2723,62.4902,56.6086
46,64.4695,63.2812,59.3332
46,63.1512,61.4355,60.2121
46,65.7879,62.0508,62.6730
46,62.3602,58.6230,58.1027
46,58.9324,55.6348,56.5207
46,63.1512,58.5352,60.1242
46,62.0086,59.4141,59.3332
46,66.2274,63.3691,62.9367
46,66.4910,65.0391,66.0129
46,69.8309,61.3477,55.2902
46,64.3817,64.5117,60.9152
46,63.5906,67.1484,52.7414
46,62.7996,55.3711,59.7727
46,61.3934,67.9395,56.4328
46,62.6238,65.3027,64.0793
46,61.0418,66.0059,64.9582
46,59.8992,62.3145,63.2883
46,58.1414,59.1504,59.5969
46,60.4266,61.5234,63.5520
46,63.2391,64.5117,67.6828
46,64.9090,68.2910,69.6164
46,69.0399,71.6309,71.9895
46,63.9422,72.9492,80.8664
46,72.3797,75.3223,76.0324
46,74.6649,76.7285,79.5481
46,77.6531,78.3984,80.6027
46,77.8289,80.1563,82.8000
46,75.4559,68.8184,85.9641
46,79.4110,68.8184,76.2082
46,77.1258,79.9805,74.3625
46,78.7078,79.9805,78.7570
46,82.4871,82.7930,82.6242
46,80.1141,80.4199,79.8117
46,82.3113,84.0234,67.4191
46,83.2781,83.6719,77.7902
46,79.8504,81.5625,75.8566
46,83.5418,84.1992,79.7238
46,81.7840,84.8145,78.8449
46,78.4442,80.5957,76.0324
46,81.2567,84.0234,79.8996
47,68.6479,68.7173,68.7683
47,57.7494,64.2349,79.0515
47,64.6928,65.3774,68.6804
47,66.8022,64.5864,70.3503
47,66.3627,67.4868,71.3171
47,68.7358,68.8052,71.2292
47,68.0326,65.3774,69.0319
47,71.2846,66.6958,71.4050
47,74.2729,68.8052,72.1960
47,77.3490,72.1450,73.4265
47,74.7123,69.2446,69.2077
47,76.4701,72.8481,72.4597
47,75.1518,69.5083,73.2507
47,74.0971,69.5083,74.4812
47,72.0756,65.9048,70.8776
47,68.9115,64.5864,68.1530
47,65.5717,59.7524,64.4616
47,68.1205,61.8618,64.3737
47,65.8354,61.9497,63.3190
47,62.8471,60.5435,59.1003
47,58.8920,57.0278,54.6179
47,60.1225,57.5552,57.4304
47,56.2553,55.2700,54.5300
47,55.9037,58.0825,54.7058
47,61.1772,58.8735,46.5319
47,55.3764,55.7974,52.9480
47,57.3979,55.8853,54.5300
47,58.8920,57.8188,38.2702
47,62.2318,49.9087,53.5632
47,56.1674,53.3364,57.0788
47,60.2982,56.4126,61.2976
47,58.7162,54.3911,57.3425
47,55.2885,53.1606,54.4421
47,58.1889,53.7759,53.5632
47,59.1557,53.7759,55.9362
47,63.3744,57.8188,59.3640
47,60.2104,56.1489,59.4519
47,56.7826,53.3364,55.0573
47,55.2006,52.4575,55.4968
47,52.0365,50.5239,54.0905
47,55.7279,54.9185,58.3093
47,57.7494,55.6216,58.4851
47,58.1010,54.2153,55.6726
47,57.0463,56.1489,56.8151
47,58.0131,54.4790,58.0456
47,61.0014,59.1372,60.5944
47,68.3842,45.4263,53.5632
47,59.1557,55.6216,57.5183
47,57.5736,46.9204,68.2409
47,55.3764,54.1274,56.0241
47,58.7162,47.9751,57.0788
48,69.7834,69.7852,69.8643
48,71.6291,60.0293,67.2275
48,71.7170,69.0820,69.3369
48,73.6506,69.9609,72.1494
48,70.5744,65.9180,67.3154
48,73.4748,68.8184,68.3701
48,71.5412,65.0391,64.0635
48,68.5529,65.3027,62.3936
48,70.7502,68.9941,63.7119
48,73.3869,73.2129,66.7002
48,69.6076,70.6641,62.5693
48,68.8166,67.7637,60.8115
48,65.9162,67.0606,60.1963
48,67.6740,70.6641,61.7783
48,64.5100,66.8848,57.2080
48,63.1916,66.8848,57.9990
48,61.1701,66.0059,55.0107
48,65.4767,70.2246,59.2295
48,61.6974,66.5332,57.1201
48,59.0607,63.0176,55.3623
48,58.5334,63.0176,56.8564
48,54.5783,59.7656,52.3740
48,54.5783,58.7988,53.4287
48,50.9748,55.2832,48.6826
48,52.8205,55.2832,51.3193
48,53.3478,46.2305,56.6807
48,50.7111,50.3613,46.3975
48,39.7248,31.2891,55.4502
48,47.4592,50.7129,46.3096
48,49.5685,53.3496,46.3975
48,50.0080,54.5801,45.7822
48,42.1857,62.0508,24.6006
48,42.2736,45.4395,37.2568
48,41.7463,48.0762,38.4873
48,32.0783,51.4160,37.0811
48,50.7111,45.7910,32.1592
48,46.2287,45.3516,39.2783
48,50.1838,42.2754,35.8506
48,50.7111,53.8770,35.0596
48,40.5158,55.1953,29.1709
48,40.3400,45.4395,40.1572
48,39.1096,41.9238,38.8389
48,49.6564,31.9922,40.1572
48,38.7580,39.5508,37.2568
48,44.2072,37.7930,41.8271
48,41.1310,41.3086,37.3447
48,42.2736,14.6777,44.3760
48,55.7209,25.8398,28.5557
48,40.0764,39.9023,33.8291
48,15.1154,52.1191,32.3350
48,23.5529,48.4277,20.3818
49,70.7520,70.7493,70.8398
49,62.6660,63.3665,74.1797
49,68.9941,67.6732,71.1035
49,64.7754,65.8275,68.1152
49,60.2051,62.5755,64.7754
49,60.1172,62.5755,62.1387
49,60.9082,54.4896,62.1387
49,57.5684,47.2825,58.4473
49,47.8125,53.3470,52.8223
49,49.6582,54.4017,50.7129
49,46.8457,50.2708,46.3184
49,44.0332,49.0403,45.7031
49,45.0879,48.5130,47.2852
49,45.4395,46.4915,47.1973
49,46.6699,46.4915,46.3184
49,48.1641,45.5247,44.3848
49,46.6699,48.6009,43.8574
49,57.2168,31.6380,41.8359
49,45.3516,51.3255,40.6055
49,45.7910,47.1068,45.1758
49,55.1953,46.6673,34.6289
49,47.0215,47.4583,45.6152
49,51.4160,51.7650,49.6582
49,54.3164,53.6107,53.2617
49,56.2500,57.1263,56.6016
49,58.2715,56.0716,58.0078
49,55.9863,56.0716,57.8320
49,54.8437,57.7415,58.7988
49,57.6562,59.4114,59.4141
49,53.0859,55.6321,54.8437
49,50.8008,54.8411,54.9316
49,48.6035,51.6771,50.8887
49,42.0117,60.2025,55.1953
49,50.7129,55.5443,49.7461
49,52.9102,58.3568,54.0527
49,56.3379,60.6419,58.0957
49,60.5566,64.6849,62.4023
49,59.9414,66.1790,63.2812
49,62.3145,70.2220,65.2148
49,66.6211,73.2982,68.6426
49,65.5664,73.2982,66.0938
49,65.6543,71.4525,62.9297
49,69.6094,73.9134,66.7969
49,69.9609,75.0560,65.8301
49,72.0703,73.9134,67.1484
49,74.1797,73.9134,67.1484
49,77.0801,75.7591,70.6641
49,79.4531,77.1653,74.1797
49,83.3203,81.1204,78.2227
49,87.6270,84.7239,82.0020
49,87.1875,83.9329,83.9356
50,71.1826,71.2090,71.5359
50,72.7647,69.7148,59.9344
50,77.5986,72.9668,64.2410
50,79.7959,74.0215,73.7332
50,74.3467,74.0215,72.8543
50,70.0400,72.0000,71.7117
50,67.6670,69.3633,71.1844
50,65.2939,66.5508,70.0418
50,68.4580,67.9570,73.1180
50,72.1494,70.6816,77.3367
50,74.0830,70.6816,77.5125
50,75.7529,69.8027,75.4910
50,76.2803,69.0996,76.8094
50,79.4443,71.9121,77.5125
50,76.1045,70.8574,75.8426
50,75.0498,67.9570,75.6668
50,77.4229,69.4512,74.2605
50,81.5537,71.7363,77.0730
50,78.9170,68.1328,72.5906
50,76.0166,65.7598,68.3719
50,79.8838,69.0996,72.5906
50,79.5322,67.8691,74.2605
50,80.9385,71.1211,77.2488
50,81.6416,71.2090,75.6668
50,150.6357,138.4453,144.1336
50,85.8604,76.7461,81.9949
50,83.2236,73.9336,77.6883
50,87.0908,77.0977,81.2039
50,154.5908,144.0703,150.8133
50,84.3662,75.3398,78.7430
50,83.8389,75.3398,76.2820
50,79.9717,76.5703,73.9969
50,82.1689,75.3398,74.6121
50,78.0381,73.1426,71.4480
50,74.3467,69.8906,69.5145
50,76.2803,69.8906,70.1297
50,73.8193,70.8574,67.1414
50,77.7744,73.1426,70.0418
50,80.1475,76.9219,71.3602
50,79.2686,78.2402,71.3602
50,82.7842,79.9102,74.2605
50,78.6533,76.2188,69.9539
50,75.4893,75.1641,67.0535
50,72.7647,71.4727,62.7469
50,72.7647,70.1543,63.2742
50,73.2041,70.1543,65.2078
50,70.3916,68.7481,64.3289
50,68.6338,67.0781,64.3289
50,72.0615,70.5059,68.6355
50,71.6221,70.5059,66.3504
50,71.6221,72.0000,68.4598
51,71.9130,72.0229,72.3147
51,75.3407,75.3627,58.3400
51,67.1669,67.1889,65.9865
51,71.2099,59.1029,67.0412
51,60.7509,69.2104,63.6135
51,67.3427,70.0893,68.1838
51,66.5517,70.9682,73.8967
51,68.8368,65.8705,82.8615
51,74.0224,76.1537,77.5002
51,72.0009,69.5619,79.6096
51,71.7372,69.4740,73.4572
51,70.6825,66.6615,73.7209
51,71.2099,65.6068,73.0178
51,70.5946,67.8041,71.9631
51,67.2548,65.6947,70.9963
51,67.2548,64.1127,68.3596
51,63.6513,59.5424,63.7893
51,59.7841,56.2904,59.3068
51,59.5204,56.1147,56.8459
51,56.4442,52.8627,55.4397
51,54.3349,52.7748,54.4729
51,52.0497,51.2807,50.5178
51,52.8407,51.2807,52.0119
51,52.6649,49.4350,58.5158
51,56.9716,56.9936,56.9338
51,66.5517,56.9936,57.8127
51,57.9384,57.6967,57.9006
51,57.4989,55.3236,54.3850
51,64.7060,51.1049,53.0666
51,54.7743,53.4779,50.5178
51,52.5771,52.0717,50.3420
51,56.6200,54.3568,52.9787
51,56.7079,54.3568,55.0881
51,52.7528,52.1596,53.2424
51,57.2353,55.8510,56.8459
51,61.3661,58.1361,58.9553
51,63.7392,62.5307,61.5041
51,68.2216,66.0463,65.1076
51,65.7607,62.4428,64.5803
51,63.5634,61.6518,61.3283
51,60.0478,57.2572,58.4279
51,59.6962,59.8940,60.8010
51,60.9267,56.9936,68.6232
51,63.9149,65.7826,67.4807
51,65.4970,65.5190,69.5022
51,64.7939,66.6615,67.6565
51,63.6513,63.4096,63.7893
51,66.5517,61.3881,65.9865
51,64.6181,67.9799,67.3049
51,56.2685,68.7709,67.3049
51,52.5771,64.9037,61.9436
52,72.5414,72.2479,73.3113
52,69.4652,71.0174,71.0262
52,74.6508,74.2694,58.3699
52,66.8285,68.2049,67.8621
52,64.5434,65.5682,63.8191
52,68.5863,68.1170,66.5438
52,74.7387,70.4901,62.9402
52,62.8734,72.0721,66.2801
52,65.6859,68.4686,67.4227
52,63.2250,68.5565,66.2801
52,63.5766,66.3592,67.1590
52,66.7406,69.6990,68.7410
52,65.3344,70.5779,68.5652
52,62.0824,66.3592,65.0496
52,61.0277,67.2381,67.0711
52,61.3793,65.9197,68.3895
52,57.5121,61.5252,64.0828
52,61.9066,64.9529,67.8621
52,59.6215,61.6131,67.1590
52,59.7094,59.4158,66.2801
52,62.0824,63.0193,67.8621
52,66.0375,65.9197,70.3230
52,63.4008,67.5018,66.1043
52,63.9281,64.1619,67.5105
52,60.6762,63.1951,64.7859
52,61.2914,64.6014,63.2918
52,57.3363,60.5584,58.8973
52,61.6430,63.0193,62.5008
52,63.6645,64.3377,66.2801
52,53.9086,64.3377,76.0359
52,68.3227,68.7322,71.6414
52,71.2231,71.2811,75.6844
52,68.8500,70.6658,77.4422
52,70.2563,70.6658,75.3328
52,73.7719,72.2479,77.5301
52,69.5531,68.2049,73.3113
52,72.5414,71.9842,77.2664
52,75.1781,74.9725,78.3211
52,75.7055,74.9725,76.3875
52,71.0473,71.7205,72.1688
52,70.8715,68.8201,70.3230
52,68.7621,67.7654,70.6746
52,64.6313,63.8104,67.0711
52,65.8617,72.2479,63.2918
52,64.4555,63.5467,66.7195
52,60.0609,60.3826,63.5555
52,58.5668,64.9529,61.7098
52,65.7738,67.5897,64.2586
52,60.3246,58.0975,71.1141
52,57.6000,45.7928,70.8504
52,56.1059,47.0233,61.6219
53,74.1164,74.1595,74.2342
53,72.6223,71.9622,70.4549
53,69.8098,73.0169,53.5799
53,76.4016,59.3939,54.4588
53,68.2277,62.2943,62.6326
53,64.6242,57.7239,58.9412
53,67.7883,62.0306,62.1932
53,64.4484,57.7239,57.9744
53,65.3273,60.9759,60.6990
53,68.6672,61.9427,62.7205
53,72.7980,66.2493,65.9725
53,76.1379,69.8528,67.9939
53,79.3019,74.0716,71.4217
53,83.3449,76.7083,74.3221
53,87.3879,80.3118,78.2771
53,83.2570,77.1478,76.4314
53,80.6203,74.0716,75.0252
53,84.7512,77.4114,78.1893
53,80.3566,73.9837,75.1131
53,81.2355,77.0599,76.3436
53,79.8293,74.6868,72.4764
53,82.0266,74.6868,74.3221
53,80.0051,75.4778,71.9490
53,82.0266,74.5989,73.7947
53,83.6086,75.6536,76.8709
53,85.2785,75.6536,78.3650
53,85.8059,77.2357,78.0135
53,87.7394,81.1907,80.2986
53,88.2668,81.8939,83.1111
53,92.0461,85.1458,86.5389
53,153.4816,144.2083,146.3045
53,93.1008,86.8157,86.2752
53,94.2434,89.9798,85.3084
53,97.0559,93.7591,88.6483
53,97.7590,93.7591,91.1092
53,98.3742,95.1653,90.3182
53,98.4621,97.4505,91.4608
53,97.4074,94.9896,87.7694
53,97.7590,94.6380,89.1756
53,96.1769,97.0989,91.1971
53,99.6047,100.3509,95.0643
53,95.9133,96.3958,93.3944
53,96.7043,99.4720,94.6248
53,98.6379,97.7142,93.2186
53,96.6164,97.4505,91.5486
53,94.8586,98.9446,93.1307
53,96.7043,97.1868,91.8123
53,97.7590,99.7357,91.9881
53,100.6594,103.5150,95.4158
53,102.5930,101.0540,94.2733
53,100.2199,99.1204,94.5369
54,74.6622,74.8863,75.1623
54,80.9024,71.8980,62.9455
54,75.6290,82.4449,64.5275
54,77.8263,79.4566,74.1955
54,74.3106,76.6441,69.4494
54,74.5743,74.7984,68.4826
54,75.4532,76.4684,71.7346
54,79.4083,80.0719,75.6897
54,81.3419,77.8746,74.2834
54,78.7931,73.9195,70.1525
54,76.0685,73.6559,68.6584
54,72.5528,72.1617,66.0217
54,71.4981,73.6559,67.9553
54,72.4649,74.1832,70.5920
54,68.4220,71.1070,68.6584
54,65.9610,70.9312,66.7248
54,66.5763,71.6344,69.8010
54,63.2364,68.3824,64.9670
54,65.7853,68.9977,64.7033
54,68.5978,72.9527,68.5705
54,70.8829,74.4469,68.5705
54,69.3009,74.4469,69.0979
54,71.5860,73.9195,71.1193
54,68.0704,69.3492,68.3947
54,66.7520,75.6773,70.4162
54,73.6954,75.6773,73.2287
54,66.6642,75.6773,68.2190
54,67.9825,68.1187,69.1857
54,65.8731,68.1187,70.2404
54,62.7970,64.1637,67.6037
54,58.4903,59.9449,62.8576
54,62.2696,61.5269,65.4065
54,59.2813,57.3082,62.5061
54,58.9298,60.4723,63.5607
54,56.8204,60.5601,61.0119
54,60.6876,62.4937,63.6486
54,61.3028,61.9664,65.6701
54,58.6661,61.4391,63.2092
54,61.3907,62.4937,64.0881
54,61.2149,63.0211,62.4182
54,57.1720,59.5055,59.4299
54,54.1837,55.2867,55.4748
54,51.7227,55.2867,54.5080
54,54.1837,59.1539,57.3205
54,57.6993,63.0211,59.6936
54,62.1817,66.8004,63.6486
54,58.4024,63.4605,59.1662
54,58.4024,63.4605,57.4963
54,56.3810,63.4605,57.9357
54,60.3360,65.6578,61.5393
54,63.4122,69.7008,63.6486
55,75.7538,76.0553,76.1528
55,78.4784,70.4303,67.8911
55,76.7206,74.3853,74.3071
55,79.2694,75.1764,76.6802
55,83.3124,78.8678,79.6685
55,86.8280,81.4166,81.4263
55,83.4882,78.0768,80.6353
55,80.4120,73.6822,77.9106
55,81.6425,75.6158,76.5044
55,79.7089,75.6158,76.5923
55,77.3358,71.7486,75.1860
55,73.9081,67.1783,70.7036
55,71.3593,66.3873,68.0669
55,74.6112,70.6939,70.4399
55,76.4569,69.9908,68.9458
55,78.4784,73.9459,71.2310
55,74.1718,69.9908,68.1548
55,76.2812,73.4186,70.9673
55,80.0605,75.7916,74.2192
55,84.2792,79.0436,77.9106
55,81.0273,77.1978,77.2075
55,86.2128,79.9225,75.0981
55,85.9491,82.1197,80.2837
55,87.7948,85.7232,83.5356
55,89.9042,89.2389,85.2056
55,90.5194,96.1822,82.9204
55,95.3534,93.5455,90.7427
55,97.1991,95.8307,94.0825
55,93.2441,94.0728,92.1489
55,91.6620,96.1822,94.3462
55,93.5077,94.6002,95.8403
55,88.8495,90.5572,101.5532
55,94.2108,94.6002,93.2915
55,93.8593,96.3580,83.0083
55,93.5077,92.9303,91.0942
55,91.5741,91.4361,87.2271
55,89.5526,88.3600,82.7446
55,92.1015,89.8541,85.5571
55,88.9374,87.1295,82.0415
55,89.1132,88.8873,85.0298
55,85.2460,90.9088,86.6118
55,81.7304,82.6471,91.6216
55,91.3105,85.8990,87.8423
55,97.4628,90.5572,85.8208
55,94.7382,91.9635,87.1392
55,91.7499,89.9420,86.8755
55,89.2890,89.6783,85.9087
55,86.3007,89.6783,85.3814
55,86.3886,89.6783,83.9751
55,90.3437,92.4908,85.9087
55,86.1249,88.2721,82.2173
56,76.9605,76.7241,76.9632
56,77.5758,74.6147,74.4144
56,81.6187,77.6030,77.7542
56,83.6402,75.3179,78.2815
56,83.6402,75.2300,79.8636
56,86.0133,79.0972,83.1155
56,86.9801,81.2944,86.0159
56,89.1773,79.9761,87.5980
56,86.8043,80.8550,87.7737
56,87.4195,78.3940,86.1917
56,160.1051,145.9819,155.9768
56,84.6949,72.5933,81.3577
56,82.9371,72.5933,78.3694
56,85.6617,74.2632,81.1819
56,83.8160,75.0542,80.8304
56,86.3648,78.3940,81.7093
56,84.3434,77.4272,83.2034
56,86.0133,80.9429,84.9612
56,86.8043,79.0972,86.2796
56,90.3199,83.0522,88.8284
56,91.1109,85.6011,89.0042
56,90.4078,85.0737,86.1917
56,87.4195,84.6343,85.1370
56,85.7496,83.0522,85.3128
56,157.3805,151.8706,156.5042
56,155.5348,150.2007,154.4827
56,92.6930,84.7222,88.3011
56,91.5504,82.7886,85.2249
56,93.8355,86.8315,87.6859
56,92.7809,85.3374,88.6527
56,157.1168,148.3550,153.6038
56,160.6324,147.2124,157.8226
56,95.8570,82.1733,90.4105
56,160.5445,144.9272,156.0647
56,159.4019,144.9272,156.5921
56,96.8238,84.8101,92.7835
56,157.4683,146.5972,155.8011
56,158.5230,145.4546,155.3616
56,158.0836,146.5093,155.1858
56,90.6715,80.1519,86.6312
56,90.9352,80.1519,84.9612
56,89.0016,78.9214,84.6976
56,85.5738,75.6694,79.9515
56,87.3316,77.5151,77.6663
56,91.2867,80.2397,79.7757
56,93.5719,83.1401,83.3792
56,92.2535,84.0190,83.2034
56,91.0230,80.2397,80.3909
56,94.5387,83.4038,84.4339
56,97.0875,85.2495,84.8734
56,99.0211,84.8101,82.7640
57,77.5652,77.6162,77.7911
57,76.1590,85.0869,82.4493
57,79.7625,79.7256,84.3829
57,77.2137,78.4072,84.6466
57,79.2352,81.9229,86.3165
57,76.3348,80.1650,87.3712
57,73.6102,79.0225,84.8224
57,71.8524,77.4404,81.3946
57,69.0399,73.5732,77.0001
57,64.8211,69.7061,73.2208
57,65.6121,69.6182,71.9903
57,68.6883,73.8369,74.8028
57,64.7332,71.5518,72.4298
57,65.5242,71.4639,71.1993
57,62.6238,67.8604,69.3536
57,63.3270,66.4541,68.0353
57,66.4910,69.4424,69.6173
57,69.3914,70.8486,70.4083
57,73.1707,73.4854,74.5392
57,73.6981,75.5947,74.6271
57,72.9070,76.3857,75.7696
57,75.7195,77.6162,78.8458
57,77.9168,79.6377,82.5372
57,75.1922,76.0342,78.5821
57,72.7313,85.5264,72.6056
57,72.5555,77.2647,77.2638
57,70.7098,73.6611,73.7481
57,72.1160,74.7158,77.0001
57,73.8738,70.3213,79.8126
57,78.0047,66.1025,86.4044
57,74.6649,71.2002,77.3517
57,72.2918,75.0674,77.1759
57,72.2039,71.4639,74.8907
57,59.2840,78.6709,72.6935
57,70.0945,71.8154,73.8360
57,70.8856,72.3428,71.7267
57,67.1063,68.2119,67.0685
57,71.0613,71.0244,70.7599
57,72.8192,74.5400,73.0450
57,69.4793,73.8369,72.0782
57,68.9520,72.2549,73.2208
57,65.7000,69.7939,68.5626
57,64.2059,66.2783,65.3106
57,62.9754,64.7842,65.3985
57,58.1414,67.3330,66.6290
57,60.6902,63.2021,64.0802
57,58.4051,62.2354,63.9923
57,56.8231,59.3350,60.2130
57,54.9774,57.6650,56.5216
57,56.6473,60.0381,60.2130
57,56.5594,65.2236,61.4435
58,78.5233,78.5742,78.7430
58,87.0486,70.7520,72.5027
58,83.7088,80.0684,80.1492
58,85.6424,79.7168,78.5672
58,82.6541,78.3106,76.1941
58,79.0506,76.8164,73.4695
58,81.7752,80.8594,76.3699
58,83.6209,79.9805,75.0516
58,85.7303,82.9688,78.5672
58,83.6209,82.1777,80.1492
58,83.8846,80.4199,80.4129
58,85.3787,79.8047,80.3250
58,89.4217,83.4961,84.1922
58,91.1795,87.0117,85.3348
58,91.7069,86.3965,83.2254
58,158.5916,153.2812,150.9012
58,91.7069,86.0449,85.5106
58,88.5428,87.0996,86.9168
58,85.9940,83.7598,85.2469
58,88.4549,85.7813,88.9383
58,91.0037,84.8145,90.8719
58,88.9822,85.6934,90.7840
58,91.0037,87.0996,94.1238
58,89.3338,83.4961,90.6961
58,87.8397,79.7168,88.2352
58,157.7127,147.2168,157.8445
58,87.8397,80.6836,88.0594
58,86.5213,77.9590,84.1922
58,85.5545,77.8711,81.3797
58,83.0936,79.8926,79.2703
58,85.7303,80.9473,81.1160
58,82.3026,77.2559,79.4461
58,79.6658,78.7500,77.1609
58,81.4236,81.6504,78.3914
58,156.0428,151.8750,151.8680
58,84.3240,82.2656,82.6981
58,81.5994,81.0352,82.6981
58,84.4998,82.8809,85.6863
58,87.4881,84.2871,87.2684
58,89.2459,86.4844,90.8719
58,92.1463,88.3301,91.7508
58,93.9041,90.3516,95.2664
58,154.4608,149.2383,152.5711
58,154.4608,149.2383,152.5711
58,155.2518,148.4473,153.4500
58,154.9881,149.9414,151.5164
58,92.3221,90.3516,90.8719
58,88.3670,88.9453,88.1473
58,89.6854,85.1660,86.8289
58,81.8631,83.6719,85.7742
58,83.4451,88.1543,83.4891
59,78.8889,79.5806,79.4074
59,88.5568,77.0317,72.7277
59,84.9533,68.5064,81.3410
59,75.3732,71.9341,79.3195
59,75.2853,75.0981,78.6164
59,76.8674,71.6704,80.2863
59,72.6486,74.0435,76.8586
59,71.2424,70.2642,75.6281
59,67.2873,68.0669,71.5852
59,64.7385,68.4185,71.0578
59,63.9474,66.2212,67.4543
59,65.0900,65.1665,67.4543
59,64.9142,64.5513,68.9484
59,63.6838,67.1880,70.7941
59,60.3439,65.2544,66.8391
59,61.3986,65.1665,68.4211
59,62.4533,65.1665,67.1906
59,59.3771,61.5630,62.8840
59,54.8947,59.1021,60.1594
59,56.9162,63.0571,62.6203
59,57.0041,63.0571,64.7297
59,56.2131,61.9146,61.5656
59,56.3889,60.5962,61.8293
59,56.6525,59.8052,60.1594
59,57.3557,58.3989,60.2473
59,54.0158,56.7290,56.7316
59,58.4982,54.0044,58.8410
59,57.6193,67.7153,50.3156
59,55.0705,64.6392,56.2043
59,58.3224,68.7700,58.5773
59,62.5412,72.1978,62.6203
59,66.7600,75.0103,66.0481
59,68.1662,78.2622,69.3000
59,66.7600,75.0103,65.6086
59,65.8810,77.0317,65.6965
59,65.7053,73.7798,65.4328
59,66.2326,75.6255,68.5969
59,63.5080,72.1978,67.4543
59,65.5295,75.5376,71.2336
59,62.5412,74.2192,72.1125
59,60.6955,70.5278,68.9484
59,59.3771,69.2974,66.1359
59,54.9826,65.5181,63.6750
59,53.3127,62.0024,61.3898
59,56.4767,65.5181,65.5207
59,56.4767,62.9692,62.8840
59,59.2892,66.0454,67.0149
59,62.7170,70.5278,70.7941
59,66.3205,74.4829,75.0129
59,67.5510,72.4614,72.3762
59,65.5295,72.4614,71.0578
60,80.2433,80.1624,80.3356
60,81.2979,87.1058,82.7965
60,88.3292,83.5023,87.8062
60,86.4835,83.5023,84.8180
60,86.1319,76.6468,84.2027
60,82.7042,81.7444,85.5211
60,78.7491,79.7230,84.5543
60,79.8917,78.7562,84.4664
60,80.1554,78.0530,82.6207
60,78.4854,78.6683,79.1930
60,80.8585,78.7562,80.4234
60,80.6827,80.2503,79.8082
60,77.8702,79.2835,78.1383
60,75.2335,79.0198,75.5895
60,80.5948,79.0198,72.6891
60,74.7061,85.6116,79.2809
60,77.2550,82.1839,80.3356
60,81.0343,85.2601,82.5328
60,81.2979,88.0726,82.6207
60,77.6944,85.2601,81.6539
60,76.9913,84.2054,82.8844
60,73.0362,80.9534,80.4234
60,75.9366,82.7112,79.2809
60,79.5401,86.6663,83.0602
60,75.3214,82.8870,79.8961
60,73.6515,83.8538,82.7965
60,74.5304,82.7991,80.5113
60,70.9269,78.2288,76.7320
60,70.8390,78.0530,78.6656
60,75.1456,81.3050,82.7086
60,76.4640,82.8870,85.8727
60,78.0460,84.2933,89.0367
60,143.7003,151.7054,154.4273
60,80.7706,85.7874,89.3883
60,144.6671,151.2659,153.8121
60,79.9796,83.3265,86.6637
60,145.2823,151.0023,153.5484
60,146.2491,150.0355,154.4273
60,71.6300,77.2620,77.9625
60,148.2706,152.7601,153.9879
60,79.7159,83.4144,82.0934
60,83.7589,85.9632,85.1695
60,86.0440,84.0296,85.6090
60,89.4718,87.6331,89.3883
60,91.7569,85.6116,91.1461
60,92.1964,84.0296,89.9156
60,93.4269,85.1722,87.5426
60,92.7237,82.0960,88.5973
60,89.0323,80.3382,86.1363
60,93.0753,83.2386,89.4762
60,96.0636,82.5355,91.4098
61,80.8110,81.2988,81.3727
61,88.7212,82.8809,82.0758
61,85.2935,82.3535,84.2730
61,85.3814,85.1660,84.0094
61,84.0630,86.1328,82.9547
61,85.4692,86.2207,85.1520
61,85.4692,86.2207,82.9547
61,83.0083,84.9902,83.9215
61,82.3052,81.7383,83.7457
61,78.3501,77.6074,80.8453
61,84.7661,79.0137,70.0348
61,80.5474,77.6074,78.9117
61,77.6470,74.0039,76.3629
61,80.8110,75.0586,77.6813
61,83.1841,76.3770,81.4605
61,79.4048,72.1582,77.7691
61,76.3286,70.3125,76.4508
61,72.3735,67.4121,72.0563
61,72.5493,67.4121,74.0777
61,75.7134,70.5762,74.7809
61,78.1743,74.2676,78.6481
61,73.8677,70.1367,74.3414
61,71.9341,71.8945,74.6051
61,67.1001,66.4453,74.3414
61,67.8032,71.3672,70.9137
61,62.8813,67.9395,70.3863
61,73.4282,69.0820,64.8492
61,70.2642,67.7637,70.2984
61,74.6587,71.1035,73.8141
61,76.9439,74.9707,77.3297
61,84.5903,68.1152,81.9879
61,78.2622,76.2012,80.9332
61,77.2954,73.1250,81.5484
61,74.0435,70.3125,77.6813
61,76.8560,74.2676,81.3727
61,78.1743,76.0254,81.4605
61,76.5044,72.5098,81.5484
61,80.1958,76.0254,84.0094
61,77.1196,72.3340,82.7789
61,78.4380,74.0918,86.0309
61,75.0981,69.6973,82.6910
61,78.2622,73.5645,86.6461
61,81.4263,75.6738,87.5250
61,79.1411,75.1465,88.8434
61,77.2075,71.8945,84.8883
61,74.3950,67.6758,81.9000
61,72.0220,68.2031,81.9000
61,75.9771,72.1582,84.7125
61,75.0103,70.1367,81.3727
61,75.0103,68.7305,81.9000
61,75.3618,68.2031,79.7027
62,81.7796,81.8271,82.3122
62,69.3870,84.1122,85.3005
62,82.3948,85.5185,85.7399
62,85.4710,88.4189,89.6071
62,83.4495,84.4638,87.4977
62,86.8773,86.1337,89.8708
62,84.8558,86.0458,88.5524
62,80.5491,84.2880,86.6188
62,78.6155,84.2880,85.6520
62,76.1546,81.0360,84.4216
62,76.1546,79.0146,84.4216
